year,severity,vv_db_mean,vv_db_std,vh_db_mean,vh_db_std,rvi_mean,rvi_std
2017,1,-46.38744283536585,1.438448541271665,-53.39746570121951,1.454167600495191,0.6798051787585747,0.1585535748287893
2017,1,-45.28116077093909,1.1099042767055807,-52.100754481281726,1.4823216173223812,0.718559846055084,0.23041069893564958
2017,1,-7.165849486626717,0.9338559090233108,-13.092587602309266,0.8778446222409813,0.8250574347778428,0.15649116889404313
2017,1,-7.167302208248025,1.1187555913677893,-12.855379862532905,1.0145305555607975,0.8607432157611875,0.15789714972493252
2017,1,-7.248042990944603,1.29687231192449,-13.089235617897728,1.2804323456032454,0.8411081487482245,0.17631446211884239
2017,1,-7.061788603119249,1.1952839939313866,-12.816571611934515,1.0822575814873496,0.851085901930156,0.16123461181525328
2017,1,-10.91805691189236,2.997843277643566,-16.200130886501736,2.2629043121200425,0.9233782732928241,0.14737827642204668
2017,1,-7.616064566153067,0.9534326119457536,-13.455310962818286,0.7496508108270665,0.8316973227041738,0.09935622522754303
2017,1,-7.434276660839161,1.185412093011616,-13.075697251966783,1.1149114719136903,0.8693576626010708,0.17151808783820224
2017,1,-15.239068031311035,0.0,-18.652462005615234,0.0,1.252144455909729,0.0
2017,1,-6.953122841709621,1.2397849223041013,-12.698662677843128,1.0965154415981357,0.8526449394224688,0.16199740158199571
2017,1,-14.061687469482422,0.0,-18.83201789855957,0.0,1.0001522302627563,0.0
2017,1,-9.868751525878906,0.39253854751615874,-16.052160263061523,0.7516746520996094,0.7775853872299194,0.05173909664154053
2017,1,-9.052001190185546,1.978310980964139,-14.728091430664062,0.8931031753556828,0.8796993255615234,0.28003952732735554
2017,1,-9.741423034667969,1.0289684614574637,-13.574986267089844,1.2195147342776638,1.1763742446899415,0.1557367150954026
2017,1,-7.814100696194556,1.7509753760001268,-13.462286180065524,1.4920224199632364,0.8673749123850176,0.15956056515878267
2017,1,-43.56889147636218,1.409094223430203,-50.912046774839745,1.484947137619508,0.6530134739019932,0.23388784046496278
2017,1,-15.43305492401123,0.0,-19.39083480834961,0.0,1.1469253301620483,0.0
2017,1,-7.633376942970104,1.8866390266135633,-13.302573589146448,1.566971360472433,0.8654515416824632,0.17176237453491996
2017,1,-11.105154037475586,1.137174129486184,-16.77938461303711,0.7720279693603516,0.853625476360321,0.056388795375823975
2017,1,-17.074384689331055,0.0,-19.832813262939453,0.0,1.3853732347488403,0.0
2017,1,-12.650217056274414,2.873176780456554,-17.917224884033203,1.9452770096474512,0.9290475249290466,0.1839836001832607
2017,1,-12.505631446838379,0.0,-16.476789474487305,0.0,1.144407033920288,0.0
2017,1,-7.177978864231318,1.286576842977128,-13.311501591504046,1.2509093133151679,0.7972263951689672,0.17002536671370075
2017,1,-12.741755485534668,0.0,-19.578126907348633,0.0,0.6865120530128479,0.0
2017,1,-15.853509902954102,0.27265167236328125,-18.20721435546875,0.035481452954711015,1.4712930917739868,0.050778865814208984
2017,1,-14.521903991699219,0.41389999003712696,-19.07726287841797,0.507020760573858,1.0384677251180012,0.048159399584156784
2017,1,-7.9100491707785086,1.988668221764904,-13.469696580317983,1.6678521473261883,0.883157964338336,0.18026673273702734
2017,1,-13.486589514690897,3.304647457385006,-17.80039248259171,2.3116604675918464,1.0948074174963909,0.21707174718349517
2017,1,-10.730385780334473,1.6758601541326499,-16.33000946044922,1.0375508007820669,0.86965012550354,0.12731814671959382
2017,1,-14.172162373860678,3.5328740348561603,-18.16305881076389,2.340234612306852,1.1550846099853516,0.23014762586698712
2017,1,-18.138092041015625,1.2666988372802734,-21.58051872253418,0.4613971710205078,1.251934289932251,0.15883952379227803
2017,1,-6.896852657292659,1.3072700975677662,-12.860292540514775,1.1917638444067855,0.8222123748808389,0.17241029772700114
2017,1,-10.646232604980469,0.0,-17.838151931762695,0.0,0.6411985158920288,0.0
2017,1,-7.861345027043269,1.8375432417061943,-13.738901930588943,1.5702400097529337,0.8304884690504808,0.14762541932492773
2017,1,-11.383930969238282,1.4542170205618155,-15.746575927734375,1.4548129674611163,1.0756121635437013,0.10680123345830271
2017,1,-47.685391150336216,2.8074164521080154,-55.004150156099904,2.81366206338382,0.6461398576338857,0.17736376044471164
2017,1,-6.690040841898983,1.1739949400055627,-12.508115384253022,1.0698676533495948,0.8415540707643606,0.16004866837345705
2017,1,-8.733289446149554,0.8174901507588234,-14.421273367745536,1.057437905794894,0.8548539706638881,0.10445994798294495
2017,1,-9.23709233601888,0.5757038674756121,-13.969533284505209,0.5654569304281826,1.0094050566355388,0.09069344792139461
2017,1,-7.352390490080181,1.3529952569311514,-13.207570929276315,1.1755117883416264,0.8358328467921207,0.16281092900916314
2017,1,-9.456052780151367,1.396731518388327,-13.83707046508789,1.3828023351559575,1.0720192193984985,0.10494935104419792
2017,1,-12.380193710327148,2.4401288032532205,-18.309284210205078,1.5413284301757812,0.8217764496803284,0.13415294885635376
2017,1,-7.065840904158775,1.1033764217304942,-12.77947813091856,1.0147288140584318,0.8552537397904829,0.14763686758290367
2017,1,-13.240314483642578,0.0,-17.249427795410156,0.0,1.1372803449630737,0.0
2017,1,-12.667236328125,1.5916386677204764,-17.68407440185547,1.0128619798369145,0.9687817891438802,0.16512477147167112
2017,1,-11.4129638671875,2.3131229360733294,-15.673022678920201,2.374283733901273,1.0956179755074638,0.13089031773944795
2017,1,-12.689824104309082,0.0,-17.191875457763672,0.0,1.0471985340118408,0.0
2017,1,-13.466087341308594,0.0,-17.27666664123535,0.0,1.1748524904251099,0.0
2017,1,-7.028175038739669,1.0710974551995147,-13.025690857438017,1.0215473826166401,0.8147157274987087,0.15696001964553385
2017,1,-9.148691177368164,2.3090439142689085,-15.260374069213867,2.1841995595670674,0.7933298349380493,0.11786577119773496
2017,1,-7.144034759253451,1.203438922909901,-12.814187970514428,1.1345925819524205,0.8648822243569636,0.16957330570579215
2017,1,-7.625504125718524,2.8916332847191235,-13.304268843871686,2.847133543789416,0.8645359508274615,0.17645984067283707
2017,1,-15.005260836693548,10.73919003909472,-20.666346396169356,10.684763263228083,0.8731978221606183,0.22551055491865718
2017,1,-7.347013103428171,1.6317439058651673,-13.00771775886194,1.4083758588626416,0.8649120046131646,0.1616447450634547
2017,1,-17.589914957682293,0.44354863167136904,-20.25821812947591,0.7617961769239375,1.4070372581481934,0.13562821623569654
2017,1,-8.830452919006348,2.9801594920348085,-14.586952209472656,1.7526302355142254,0.8627471923828125,0.2666511001497736
2017,1,-7.153918796115452,1.4919088943584702,-13.026119656032986,1.4592586440024449,0.831313345167372,0.14690693685149459
2017,1,-9.940393829345703,2.0954149014950443,-15.725677490234375,1.609645341547316,0.8415106773376465,0.12225735781660026
2017,1,-12.030854225158691,0.0,-17.55843734741211,0.0,0.8751318454742432,0.0
2017,1,-6.902327060699463,1.3292955606376315,-12.846805572509766,1.2509316287601495,0.816101610660553,0.10197178069175229
2017,1,-6.4696044921875,1.2658742066519488,-12.550327451889125,1.1999461487804133,0.8041122350315589,0.1669137205621143
2017,1,-11.572032928466797,1.602482795715332,-16.317211151123047,1.2064757347107875,1.0060579776763916,0.0685807466506958
2017,1,-7.185414907094595,0.9857496457647906,-12.720743243243243,0.9002219762262451,0.8836222550675675,0.1557061834868578
2017,1,-10.879475911458334,2.7943199478946568,-17.880232493082683,0.9171662346645525,0.6992505391438802,0.23916489933269608
2017,1,-12.713279724121094,0.0,-16.966745376586914,0.0,1.0920461416244507,0.0
2017,1,-9.96739329462466,2.8232340308969204,-14.37013576341712,2.364948680964865,1.07769543191661,0.21173854756096994
2017,1,-13.31683349609375,1.105177879333496,-17.428495407104492,1.0270137786865234,1.1182169914245605,0.014498770237091512
2017,1,-9.0373679713199,2.067421803691491,-13.452485737047697,1.9063785437656715,1.0777754532663446,0.23066045757692585
2017,1,-13.995867729187012,0.0,-18.890277862548828,0.0,0.9788756966590881,0.0
2017,1,-10.839282565646702,2.3014192878181987,-16.239317152235245,2.0913152311091636,0.9026155471801758,0.12753683436637914
2017,1,-10.84525203704834,0.0,-16.337797164916992,0.0,0.8806599378585815,0.0
2017,1,-10.637725194295248,2.5617414149049433,-15.038645426432291,1.8741408901209262,1.0714260737101238,0.1475300907232524
2017,1,-9.005945205688477,0.0,-14.315987586975098,0.0,0.9098588824272156,0.0
2017,1,-15.649837493896484,0.0,-19.868410110473633,0.0,1.0984362363815308,0.0
2017,1,-10.895105634416852,3.028346617096132,-16.853512355259486,2.3085851050396418,0.8198249680655343,0.1610335467048291
2017,1,-7.596213932511004,1.491454447432374,-13.162512565885997,1.358853321306358,0.8831845414979894,0.18087644195726085
2017,1,-15.572043418884277,0.0,-20.50249481201172,0.0,0.9727529883384705,0.0
2017,1,-12.29953670501709,0.0,-19.062641143798828,0.0,0.6961591839790344,0.0
2017,1,-8.214859962463379,2.130220116383945,-13.9918212890625,1.7076471362609706,0.8549977540969849,0.20884480007227968
2017,1,-10.341313362121582,2.576161909966539,-15.12291145324707,2.23216589083811,1.0001890659332275,0.07868414500255588
2017,1,-11.081331253051758,1.500483989715652,-15.982020378112793,0.31361865997314453,0.9918009042739868,0.20162221789360266
2017,1,-7.592304635555186,1.7920425433786615,-13.184162545711436,1.4261916673517503,0.8855608676342254,0.20994770498517734
2017,1,-11.357630729675293,1.4643354339316923,-17.39041519165039,1.2488291458945202,0.7994565367698669,0.0514886249110255
2017,1,-15.332841491699218,0.3780254114064286,-21.038909912109375,0.48580042708133264,0.8518176078796387,0.10352348475081548
2017,1,-10.088458379109701,0.642841982550058,-15.243707021077475,1.4410646059174317,0.9440554777781168,0.15164975120710078
2017,1,-7.415301172866434,1.0556232854365284,-13.143148199555837,0.8783439193570212,0.8543837494051396,0.1609857217331877
2017,1,-8.61353023468502,2.5107721513998005,-13.92794460720486,2.3727433734212164,0.9175318157862103,0.1472240809229469
2017,1,-13.824176788330078,0.16902542114257812,-18.567054748535156,0.9126920700078225,1.0164387226104736,0.18716323375701904
2017,1,-15.026520729064941,0.05259227752685547,-20.019309997558594,0.20637130737304688,0.9628989100456238,0.043571650981903076
2017,1,-15.122475624084473,0.7522034862548336,-20.12939453125,0.45293471574708705,0.9619498252868652,0.07551434975794426
2017,1,-11.005324363708496,0.0,-16.27482795715332,0.0,0.9164368510246277,0.0
2017,1,-14.32435131072998,0.0,-20.12140655517578,0.0,0.8334518671035767,0.0
2017,1,-7.193325135766006,1.0028384434680226,-12.305463589303862,0.9375551444282784,0.9536364795715828,0.17691477072611705
2017,1,-13.100351333618164,2.2502874787410154,-18.244800567626953,2.180487031606229,0.9394325017929077,0.08216381209232415
2017,1,-8.106731093932535,1.59761667382184,-13.986336110908294,1.47380703836049,0.8323782091942903,0.16139069119516666
2017,1,-7.371154471512076,1.2085432304496038,-12.947072922019528,1.229470474826368,0.8808160293751606,0.1766517533134957
2017,1,-32.68703287478336,14.044489473315801,-38.6277824415078,14.458921011463266,0.8268608741165241,0.1923917419831787
2017,1,-32.89226993139342,15.224520750862677,-39.0746872782115,15.72866585717922,0.7949509269835285,0.20129201866755606
2017,1,-49.41325073242187,0.22971687032814117,-53.05888061523437,0.38041982718844647,1.2089542388916015,0.095929035342679
2017,1,-45.21749173677885,1.0233284564623346,-53.08827874599359,0.9063200449427995,0.5710667341183393,0.11954618834932045
2017,1,-43.92058563232422,0.2547955685760197,-51.01244354248047,0.425802027628631,0.6546465158462524,0.03970764838740013
2017,1,-10.47432804107666,0.0,-13.465875625610352,0.0,1.3371741771697998,0.0
2017,1,-39.083465576171875,0.21931066845701133,-43.576712472098215,0.35100070843564035,1.0491055761064803,0.03316482721334883
2017,1,-9.007479349772135,1.336053797802804,-14.452994452582466,1.2769542433132826,0.8911616007486979,0.08543272293090795
2017,1,-8.39293964092548,1.9981260397579885,-13.661821805513823,2.02981205992424,0.9294897959782527,0.18190106055581018
2017,1,-43.821922302246094,0.3574346866188022,-49.457618713378906,0.5155061820823814,0.8591793775558472,0.047746069771852036
2017,1,-42.87797619047619,1.1894877550129679,-49.13246372767857,0.5181602140303516,0.7810160319010416,0.1802254024406976
2017,1,-43.02277374267578,0.0,-48.643531799316406,0.0,0.8605534434318542,0.0
2017,1,-43.208370208740234,0.0,-49.24418640136719,0.0,0.7977601885795593,0.0
2017,1,-11.798285484313965,0.0,-17.974647521972656,0.0,0.777292788028717,0.0
2017,1,-12.28899097442627,1.1321706771850586,-17.64708709716797,2.111378192901665,0.9118083715438843,0.15746071934700295
2017,2,-17.595787974253593,16.224426448416466,-23.653501919092424,16.678080109617845,0.8092768561487381,0.17599636469525418
2017,2,-7.198404764089677,1.077396567817962,-12.748915567822452,1.003916548159619,0.8808583823342557,0.15091029516059504
2017,2,-13.150388717651367,1.1990995407104492,-18.15082550048828,0.17854881286621094,0.9713542461395264,0.17141151428222656
2017,2,-6.527201725886418,0.9204445149215662,-12.181607759915865,0.8274030570067256,0.8649135002723107,0.15308883941453993
2017,2,-6.980096052234299,1.0136818222071495,-12.781638198757763,1.0181372141917817,0.8437435131717995,0.16015833733233478
2017,2,-8.367524147033691,0.5366556644440227,-13.803630828857422,0.24968481063888306,0.8904553651809692,0.04570871591567993
2017,2,-6.890403099411464,1.1145371365894714,-12.670921427200614,1.0411652201602015,0.8470605793604465,0.15940391003317225
2017,2,-7.143450837260736,1.3208810616896085,-13.018173560464442,1.217417711497836,0.8336741355875306,0.16384300108505165
2017,2,-36.98939067764882,14.112929593958517,-43.49779576937477,14.642532001397022,0.7490881516754024,0.1904853481581786
2017,2,-41.74241943359375,1.3001370180715413,-47.29267578125,1.3515733288309713,0.8884990692138672,0.2033475040269945
2017,2,-7.276823459975843,1.4437676587285944,-12.88464488168442,1.2652041597053878,0.8743471711320961,0.169476810519485
2017,2,-7.884291076660157,1.6483744126503073,-14.40325927734375,1.5342085584279999,0.7362377166748046,0.11531350886346045
2017,2,-14.400428771972656,0.0,-19.420612335205078,0.0,0.9576231837272644,0.0
2017,2,-11.849674224853516,2.1918258666992188,-17.710128784179688,1.3036317825320871,0.8318794965744019,0.1338041722774539
2017,2,-7.036622939803875,1.3949151317900426,-13.115022078804348,1.224115118533128,0.8042290440579218,0.16393501670292782
2017,2,-8.17346477508545,0.0,-14.710692405700684,0.0,0.7265738248825073,0.0
2017,2,-6.971227134146342,1.2505956334743762,-12.559328365693196,1.103186453913488,0.8772241398979059,0.16586403222292467
2017,2,-7.408151626586914,0.0,-12.872523307800293,0.0,0.8851232528686523,0.0
2017,2,-6.9600456412874365,1.2026842834752955,-12.83222268815636,1.14775760284821,0.8340601526035589,0.16205047499562356
2017,2,-11.773404439290365,0.5969358463244682,-16.859771728515625,0.7352045697804075,0.9497435092926025,0.0957887060189051
2017,2,-6.956048520088441,1.160202689797986,-12.711911974884869,1.0713890594648796,0.8513484419090431,0.1632521035260407
2017,2,-7.902769389905427,2.287570764421061,-14.051667865953947,1.9508745037996913,0.7871864218460886,0.11293952291112502
2017,2,-7.22250856875779,1.0851995593083983,-12.999923725072705,1.0440144078504152,0.8485585661611965,0.1659464420628047
2017,2,-10.520345687866211,0.331962108612403,-17.24720001220703,0.27854251861735524,0.7010002136230469,0.007111310958862305
2017,2,-15.62043571472168,0.0,-19.089847564697266,0.0,1.241076111793518,0.0
2017,2,-9.673900257457387,1.9646419512851914,-14.873438054865057,1.6571323072318085,0.940041802146218,0.1918276837332224
2017,2,-17.232046127319336,0.0,-20.348615646362305,0.0,1.3116720914840698,0.0
2017,2,-6.296487808227539,0.0,-12.144161224365234,0.0,0.8257880210876465,0.0
2017,2,-13.986004638671876,3.466364896700116,-18.450221252441406,2.3371474093047357,1.0703559875488282,0.24536682294072074
2017,2,-8.758442687988282,2.7508346021067562,-14.512232971191406,2.332705486230186,0.8526585578918457,0.1606055669341061
2017,2,-14.961737496512276,2.396623907352469,-18.906236921037948,1.5702489604551237,1.1634458814348494,0.23926038059557475
2017,2,-16.566604614257812,0.0,-19.50716781616211,0.0,1.347644567489624,0.0
2017,2,-13.675812721252441,0.0,-18.664474487304688,0.0,0.9629195928573608,0.0
2017,2,-14.10136604309082,1.4092610733778184,-19.16900634765625,1.0947165068015574,0.9556565880775452,0.12184111220966833
2017,2,-10.458229064941406,0.0,-16.47713851928711,0.0,0.8002490401268005,0.0
2017,2,-17.673780154478393,16.225242189653134,-23.71909467428983,16.679364377133254,0.8112082753181856,0.17671711542825502
2017,2,-13.251300811767578,0.0,-18.9882755279541,0.0,0.8426164388656616,0.0
2017,2,-39.318496780778894,1.6165169539111512,-44.77352583228643,1.7209172811804634,0.8907279009795069,0.10190186553422716
2017,2,-41.48301696777344,1.2784419606224227,-47.94129180908203,1.456281627003395,0.7430071830749512,0.10046749290530618
2017,2,-9.33970832824707,1.7476679117336547,-14.796867370605469,1.6250454540609207,0.8888727029164633,0.07958201912971694
2017,2,-9.159239768981934,0.7507839202880859,-14.097515106201172,0.8047747612000924,0.9714568257331848,0.009143650531768799
2017,2,-11.506221771240234,2.177288345962757,-16.856964111328125,2.0708736976068907,0.9115527470906576,0.14118692276533076
2017,2,-14.650612831115723,0.0,-21.05515480041504,0.0,0.7449168562889099,0.0
2017,2,-15.259933471679688,0.25146115069914293,-21.073754628499348,0.3979378131534668,0.8312799135843912,0.029216927113590516
2017,2,-7.164142510972933,1.364274249487806,-12.821737185181314,1.1746036843291678,0.866064897063434,0.16393841691341987
2017,2,-44.71206283569336,0.0,-50.243247985839844,0.0,0.874564528465271,0.0
2017,2,-13.09919548034668,1.938244352569702,-18.092636108398438,1.3169759537352346,0.9662843942642212,0.10651301473631229
2017,2,-5.471763610839844,0.0,-11.499238967895508,0.0,0.7989871501922607,0.0
2017,2,-6.931246822827483,1.2550134830527915,-12.651355482127569,1.1304362535480053,0.854471598585991,0.15013510600606497
2017,2,-7.101284027099609,1.3953418741916266,-12.640592193603515,1.217699869748433,0.8834571838378906,0.15911339480620548
2017,2,-11.324503580729166,2.2592637565038993,-15.820167541503906,1.735014811461282,1.0569478670756023,0.16804922204739228
2017,2,-8.070862833658854,1.997238725388538,-12.94594217936198,1.834909079657984,0.9905606587727864,0.15697387812608843
2017,2,-9.316314697265625,1.396191869664024,-13.980831909179688,1.1549038945672199,1.0234600067138673,0.12487389503295274
2017,2,-8.964236450195312,1.995482763048996,-13.742971801757813,1.5744817163610163,1.0010812759399415,0.08627048706733331
2017,2,-13.291054725646973,0.0,-18.819597244262695,0.0,0.8749805092811584,0.0
2017,2,-10.238709449768066,0.0,-14.552906036376953,0.0,1.0809797048568726,0.0
2017,2,-11.646462440490723,0.0,-17.3873291015625,0.0,0.8420204520225525,0.0
2017,2,-6.823541429307726,0.8736890431306197,-12.466300964355469,0.7526299657521016,0.8653009202745225,0.1380999837125252
2017,2,-9.078983306884766,0.0,-15.997262954711914,0.0,0.6758531332015991,0.0
2017,2,-8.723348617553711,0.0,-15.29619026184082,0.0,0.721710741519928,0.0
2017,2,-12.123084174262154,3.0943199276795212,-16.52789815266927,2.719328693396247,1.0689194997151692,0.11755411796203823
2017,2,-10.624882289341517,3.058529453995769,-15.692278180803571,2.515067246363497,0.960867200578962,0.1678162990158645
2017,2,-10.406702112268519,3.3881574020447656,-15.758908872251157,2.75396172513423,0.9227369802969473,0.22785612866073765
2017,2,-14.328767776489258,0.8882613182069151,-18.696775436401367,0.9327678680419922,1.0712523460388184,0.008037984371406298
2017,2,-17.48014259338379,0.0,-21.063610076904297,0.0,1.2187085151672363,0.0
2017,2,-13.689578247070312,2.7237330602942658,-18.64617004394531,1.2692124911862364,1.0251097679138184,0.3924385522406973
2017,2,-7.651217460632324,1.0542621308311853,-15.955487251281738,1.0618692675892707,0.5163159370422363,0.0403833370499647
2017,2,-6.93014939653072,1.2173456551564756,-12.706855363478075,1.133985053576805,0.8481054489027021,0.16251145756824625
2017,2,-6.982244140625,1.2843338788328997,-12.822450520833334,1.1317802887499178,0.8369695638020833,0.1502857081359427
2017,2,-10.341759817940849,2.429188647035222,-16.642708914620535,2.967071661768659,0.7636936732700893,0.09616976724329586
2017,2,-16.469680786132812,0.0,-19.569747924804688,0.0,1.3150241374969482,0.0
2017,2,-6.931219798180784,1.0378327161137535,-12.553098573408187,1.068452988530177,0.8721007086323905,0.16420909549684987
2017,2,-9.005724906921387,1.0704469680786133,-16.168344497680664,0.6124339103700587,0.6468759775161743,0.05706241726876084
2017,2,-11.213045756022135,0.603944811422109,-14.819831848144531,1.397944162516973,1.2276488939921062,0.22798056437874084
2017,2,-14.744731903076172,0.0,-18.795616149902344,0.0,1.1294680833816528,0.0
2017,2,-7.408105950606497,1.7666309985371655,-13.079856471011514,1.5021095186676992,0.8617340890984786,0.14731018516932576
2017,2,-9.734097162882486,2.9117380589453057,-14.873184204101562,2.1101825684519593,0.9521849950154623,0.1892509569546234
2017,2,-10.868687438964844,1.8078849284384577,-15.51378936767578,1.6479956994862883,1.0230391502380372,0.05961371542370614
2017,2,-6.992233718988549,1.3854123364615911,-12.885764551526718,1.2037608172431737,0.8305673380844466,0.16288066934104029
2017,2,-8.230417378743489,2.2904646686855883,-14.443049112955729,1.7523134146351254,0.7879961013793946,0.16609006374808513
2017,2,-13.862906455993652,0.0006704330444335938,-19.060714721679688,0.42278575897324355,0.9299543499946594,0.069271981716156
2017,2,-13.085537910461426,0.0,-17.1216983795166,0.0,1.132218360900879,0.0
2017,2,-10.886754353841146,1.314926368509825,-17.614954630533855,0.9170522919113427,0.705297072728475,0.08698374927860171
2017,2,-8.456579259923986,1.9046779255507074,-14.26723170924831,1.8473369301190552,0.8425060478416649,0.15859223998104607
2017,2,-8.175729287637246,2.4674438893368564,-13.59434715477196,2.240376925597776,0.9016898902686866,0.14969081642080728
2017,2,-12.6436128616333,1.497503490184097,-16.52873992919922,2.086470712330969,1.1718988418579102,0.2272642433939758
2017,2,-13.047146606445313,2.3665506137640424,-18.137472534179686,2.3139263023682006,0.9507410049438476,0.11197251869718496
2017,2,-12.957695960998535,0.8512582999934389,-18.850521087646484,1.3959009431446594,0.8229938745498657,0.09825556683727195
2017,2,-15.937460327148438,1.110573968273523,-20.3722900390625,0.49473688121429193,1.0755088806152344,0.21937056517487136
2017,2,-7.154830701733385,1.38946816556064,-12.861324758188086,1.2143193589286723,0.8593163613591744,0.16754845460949433
2017,2,-11.657566615513392,2.2823820774227226,-17.517937796456472,2.308367541273489,0.8283406666346959,0.10215941064718448
2017,2,-15.594890594482422,0.0,-21.89009666442871,0.0,0.7602988481521606,0.0
2017,2,-9.809107971191406,1.9061210281073333,-16.002362060546876,1.8453243632514174,0.7783636093139649,0.0876215834228924
2017,2,-15.619462966918945,0.0,-21.482057571411133,0.0,0.8235389590263367,0.0
2017,2,-13.858036994934082,0.0,-18.17635154724121,0.0,1.0802315473556519,0.0
2017,2,-14.440096855163574,0.0,-19.552053451538086,0.0,0.9423167109489441,0.0
2017,2,-9.716018040974935,1.743724519631755,-15.475250244140625,1.4941527414801656,0.8513738314310709,0.16429612391398235
2017,2,-13.98629379272461,0.0,-20.259246826171875,0.0,0.7634593844413757,0.0
2017,2,-10.913029670715332,1.5074682235717773,-15.864601135253906,1.256607532501311,0.96980881690979,0.04241585731506348
2017,2,-14.829397201538086,0.1471090316772461,-21.216638565063477,0.22392845153808594,0.7487231492996216,0.05192485451699159
2017,2,-10.574294090270996,0.4229764938354492,-16.259708404541016,0.1733379364013672,0.8511754870414734,0.03849434852600098
2017,2,-13.542125701904297,0.5172696113588624,-19.91043472290039,0.6167097091682179,0.7500877380371094,0.013952910900115967
2017,2,-12.02096176147461,0.0,-18.30131721496582,0.0,0.7624067068099976,0.0
2017,2,-9.452523549397787,0.8383714652502249,-15.259446461995443,0.556615449764223,0.8386174837748209,0.127261654357464
2017,2,-11.011821746826172,0.8063621520996094,-15.98198127746582,0.40462684631347656,0.967657208442688,0.06777033209801375
2017,2,-36.007511138916016,0.0,-41.904144287109375,0.0,0.818425178527832,0.0
2017,2,-7.025187795025418,1.2628813073642637,-12.745966094771243,1.1580616484800823,0.8564538228485838,0.16152800873649664
2017,2,-7.227627754211426,0.0,-11.326008796691895,0.0,1.1206245422363281,0.0
2017,2,-8.435198553677264,1.9704206717499093,-13.866829707704742,1.820560195685226,0.8966141404776737,0.1255902657395319
2017,2,-6.258302525111607,1.061941579859983,-12.300716727120536,1.0300302121750706,0.8065708160400391,0.14542921952490936
2017,2,-9.973766620342548,3.402151691284502,-14.722676203801083,2.1871567931744096,1.0260971509493315,0.25242157931067055
2017,2,-8.121449984036959,2.2009150022959525,-14.631939227764423,1.2428692861952892,0.7700826204740084,0.2564258591579217
2017,2,-8.289976755777994,0.2558494137996812,-13.221502939860025,0.6459597386078763,0.9783545335133871,0.13358827230513018
2017,2,-5.842653274536133,2.1505776610042115,-15.590532302856445,1.5538902247860489,0.40594595670700073,0.15505895281788176
2017,2,-10.669586181640625,2.0172605545204885,-15.9560546875,2.093819735327087,0.914103627204895,0.03349972611544859
2017,2,-10.2899169921875,0.0,-16.50516128540039,0.0,0.7717015743255615,0.0
2017,2,-7.025730274341725,1.382452197321774,-12.540964762369791,1.2415882654764185,0.888302555790654,0.16426799202101405
2017,2,-7.132627964019775,0.0,-14.975105285644531,0.0,0.564587414264679,0.0
2017,2,-7.014991470530063,1.1650842092201865,-12.462637213212025,1.1295707521158256,0.898726064947587,0.16541978147989417
2017,2,-9.726175308227539,0.11893224716282114,-14.515571594238281,0.5830850601196289,1.0017542839050293,0.1209152340889124
2017,2,-8.70531532981179,1.8698225668957893,-14.332408558238637,1.6484494198130972,0.864104531028054,0.1030967182762153
2017,2,-6.7821089426676435,1.4603866010799016,-15.590779622395834,1.028882783213387,0.4726143678029378,0.08980094303713958
2017,2,-7.582181904269972,1.445343098644963,-13.235534499827823,1.3322744459090492,0.8689264975303461,0.17659223185045997
2017,2,-7.76962947845459,1.0368158627841866,-14.391790390014648,1.4573734847986366,0.7261074781417847,0.14263678533653018
2017,2,-9.848500823974609,2.2387281823559926,-15.183013916015625,2.2309948909991464,0.9102785110473632,0.10503390927565961
2017,2,-5.98631889036643,1.3814399564349962,-12.493304890661939,1.21941270318662,0.7467644874085771,0.17825580381348588
2017,2,-7.414942737926136,1.1843149271304703,-12.905814985795455,1.081581520944597,0.8936025168678977,0.17071989785046326
2017,2,-7.100291569663324,1.1180804484594202,-12.972880103868194,1.0787785793298397,0.8344754544233525,0.16731525286878915
2017,2,-7.6816065968078755,1.2811980805527046,-12.888812649164677,1.2975323239829257,0.9371258646889916,0.16839965601457732
2017,2,-7.6088666915893555,0.0,-13.946675300598145,0.0,0.7542767524719238,0.0
2017,2,-4.65294885635376,0.0,-12.059551239013672,0.0,0.6150278449058533,0.0
2017,2,-7.305986006181318,1.4333071617465822,-12.944910070398352,1.3031737467988993,0.8688258915157109,0.1630524756619779
2017,2,-6.885693608498086,1.0494369089358908,-12.77735371492347,0.9677299958395019,0.8296416924924267,0.15329882481758864
2017,3,-32.78126957844805,16.61154119107536,-39.249904904680925,17.174032891758472,0.7573043343887049,0.19090066109190035
2017,3,-45.7072499593099,0.5538989508908823,-53.29558308919271,0.7129872768289128,0.6072734991709391,0.14502642644013533
2017,3,-8.395842179008152,2.1084301251698356,-13.69598919412364,1.803622158492605,0.9201001706330673,0.1504276566464878
2017,3,-8.806785583496094,1.0811172590920752,-14.857948303222656,2.155723580728887,0.8126005331675211,0.1844210266438135
2017,3,-8.498011271158854,2.0586339252057893,-14.073228200276693,1.7947528312997652,0.8776844342549642,0.16729989554476207
2017,3,-6.939113616943359,1.6873212565743183,-13.260489145914713,2.017401955059679,0.7711652914683024,0.16856423177643667
2017,3,-8.444451649983725,2.134655426929261,-14.615381876627604,1.0330627995702661,0.8006835778554281,0.2302889640521026
2017,3,-7.269305772230889,1.4709038291083372,-12.939614615834634,1.295465495486685,0.8635111459145866,0.1603461448996324
2017,3,-8.465902837100801,5.884226596347316,-14.150910927848601,5.907441298054127,0.8632937634503548,0.17548967968142834
2017,3,-11.253668212890625,1.7740770326680186,-15.956709289550782,2.309538192300899,1.016911220550537,0.12419187117506744
2017,3,-12.588322957356771,3.2022187343007578,-18.200902303059895,1.6899907978994004,0.8849336306254069,0.22963748024335087
2017,3,-11.056220421424278,3.065491917292932,-16.07330557016226,2.5479630846272707,0.9647059807410607,0.1421805843987108
2017,3,-17.799240112304688,0.0,-20.640947341918945,0.0,1.3680601119995117,0.0
2017,3,-16.081634521484375,0.0,-19.45406723022461,0.0,1.2602719068527222,0.0
2017,3,-17.577067057291668,0.759209997676384,-21.383806864420574,0.4097066278682683,1.176682472229004,0.06743907064442424
2017,3,-14.707873026529947,1.6603780483182597,-18.642222086588543,1.8007814718167137,1.1518362363179524,0.04326030370839819
2017,3,-9.766082127888998,1.7825360252391171,-16.479615529378254,1.6527170615258973,0.70295516649882,0.01940444207327387
2017,3,-12.95400333404541,1.9069519594422832,-18.454620361328125,1.3588760338465553,0.8839873671531677,0.10520254953327111
2017,3,-15.798672676086426,0.0,-20.424978256225586,0.0,1.0252323150634766,0.0
2017,3,-15.215478897094727,0.0,-20.58891487121582,0.0,0.8996396660804749,0.0
2017,3,-16.15140724182129,0.0,-20.603267669677734,0.0,1.0561572313308716,0.0
2017,3,-7.147247733085329,1.168015119111553,-12.82241411880958,1.0247131468979045,0.8628367903176587,0.15858297683707462
2017,3,-6.7264615239907934,1.4952739835799413,-12.795096162358357,1.1155270280031422,0.8082989484662713,0.1773069075042895
2017,3,-7.158533481073311,1.0688840955003183,-12.7255433561931,0.9729004568283973,0.8793037535188069,0.15942151850153882
2017,3,-29.364769009037083,16.572297662201468,-35.464626830788404,16.98734268396642,0.8031496499104083,0.1767703521149401
2017,3,-7.442885200202737,1.6875619276807807,-13.084480328180437,1.4256731142246832,0.8693106448777242,0.1674849076372523
2017,3,-15.924623489379883,0.15154218673781075,-19.16744041442871,0.1275482177734375,1.286818027496338,0.05606484413146973
2017,3,-6.918387953180404,1.22531995122976,-12.52036711230914,1.1044800133976487,0.8741895782075404,0.15974296794760387
2017,3,-7.033341638401903,1.294250415079201,-12.729529611928465,1.13545306924235,0.8608980451887499,0.16342863795414686
2017,3,-10.682258605957031,2.895823966518862,-15.601869201660156,2.3055414856944427,0.9804254531860351,0.12982408824781952
2017,3,-6.762616327356361,0.9783572564138895,-12.59817283529963,0.9417825780256641,0.8389247106456834,0.15910667674005852
2017,3,-9.086663382393974,1.4810212274732315,-15.423508780343193,1.6245753666231253,0.7633038248334613,0.14122770932380962
2017,3,-11.197843279157366,3.175151982828578,-16.439782278878347,2.388129061481722,0.9414843150547573,0.21387746970344393
2017,3,-14.83563232421875,0.0,-19.974750518798828,0.0,0.9378188252449036,0.0
2017,3,-9.481208801269531,3.4003501206167646,-15.208442687988281,2.4297907801166807,0.8580148816108704,0.17821195720689073
2017,3,-8.71561050415039,1.367487646003834,-14.370685577392578,0.830980379792155,0.8635627031326294,0.14766345853957202
2017,3,-9.323201497395834,2.8807880283661356,-13.853684743245443,2.3935447231754887,1.0537756284077961,0.19535470706938798
2017,3,-6.937565143713071,1.1409374905353589,-12.589164917996577,1.0708949291175502,0.8668226844214203,0.16210311085237605
2017,3,-7.0287800214808875,1.1618313707991628,-12.82480379280002,1.0538769925102391,0.8449965142084422,0.16124789580418364
2017,3,-9.114817899816176,2.79587705990353,-14.771746467141543,2.492597333577765,0.8593683803782743,0.1018969076009911
2017,3,-11.938691139221191,0.0,-17.508129119873047,0.0,0.8685607314109802,0.0
2017,3,-6.851612995878795,1.0478607313044181,-12.666380677775143,1.0253758000482147,0.8417707005307163,0.15877992450009598
2017,3,-7.350171703296703,1.4010573992168578,-12.881038590315933,1.442776615922361,0.8857289743947458,0.1633339868354213
2017,0,-10.496391296386719,7.409709843882614,-16.22685089111328,7.740734450084102,0.859249496459961,0.18814462405966972
2017,0,-8.495228712556834,2.3185634485293654,-13.792036849759294,2.489639818716365,0.924133578287978,0.1773112300871211
2017,0,-15.167959342386942,0.9256955915135026,-21.260001337971634,0.606904896685888,0.8017404998787463,0.1643299010029593
2017,0,-7.909853513006168,3.0261052534100674,-13.61060480356664,2.6876309069213375,0.8605993694899772,0.17291750412984158
2017,0,-7.388601425807537,2.2995545837417337,-13.145447089502019,1.787318754685189,0.8531165224385936,0.18479252913040972
2017,0,-7.095077284946236,0.9589307724340941,-12.689148605510752,0.9129189463639005,0.8755858062415994,0.161315106137336
2017,0,-21.38259293027302,13.681160459345472,-27.293763383297645,13.799101467638332,0.8315750546833177,0.188827719239176
2017,0,-47.49458192875365,1.1697012030561371,-54.696508290816325,1.3448271040097741,0.6655751664853999,0.2145464798811491
2017,0,-7.600116577805436,1.2958249097524377,-13.120222307252423,1.134972601805839,0.8884035568319429,0.17335445575775243
2017,0,-34.04315138258082,12.330722311051133,-39.334887623563986,12.73123089275011,0.9315753990782795,0.22690253261140436
2017,0,-7.320345060836246,1.8634767698908032,-13.307763973850497,1.4943371645888517,0.818398894402057,0.17602569582426983
2017,0,-41.72808322192513,3.502345816164365,-47.75395220588236,3.90172831417379,0.8128644484249665,0.17792147725866914
2017,0,-7.387847128832706,1.793803238904497,-13.009783485745023,1.5676678113947806,0.871240444501412,0.16100944504862755
2017,0,-13.766764846262058,2.5347228076726784,-20.102937851688104,2.679290298203405,0.7672213342795418,0.16374392380490804
2017,0,-7.905864988255343,2.078967901546815,-13.487558723286662,1.647634379693773,0.8802703430130803,0.18764698455892162
2017,0,-7.397435978275491,0.9492623567145733,-12.971562247780469,0.8373960529026497,0.8776272867904223,0.154064746951716
2017,0,-8.008594590958019,2.3378487169942503,-13.899918637311625,1.7610725431127465,0.8352375338485603,0.19975279548583297
2017,0,-7.002931061005626,1.1534887341556088,-12.704149635196906,1.1113754148335884,0.8624959481584037,0.18062684157531697
2017,0,-6.655043642675074,1.5565487877503472,-12.371895542661658,1.3084375337038627,0.8569911734681044,0.16370420236548403
2019,3,-8.02743869357639,1.6023325811234101,-13.509149848090278,1.6943647008804728,0.8922157287597656,0.15847844185679427
2019,3,-7.644591621730639,1.8859108676823477,-14.174942680027174,1.9223844316764744,0.7416905112888502,0.16573103887923482
2019,3,-6.886968861455503,1.7079977413293788,-12.956136952275815,1.5621817192373681,0.8108966661536176,0.20153914974408027
2019,3,-7.339714050292969,1.6061554674842886,-12.71190071105957,1.3867903311299494,0.9166795611381531,0.21105019315681836
2019,3,-8.257296393899356,2.4769510337581186,-13.726980770335478,1.7833461808468323,0.9016777487362132,0.22218790671297178
2019,3,-6.837072777246654,1.1708547981764101,-12.651322373924474,1.1332873745768777,0.8485396842883605,0.20238087916523406
2019,3,-7.054703287495688,1.243634760764636,-13.140115949529301,1.2126159546529933,0.8112194800754103,0.20922135944903184
2019,3,-7.7421003977457685,1.4996636604434048,-13.419527689615885,1.4754643676207946,0.8741550445556641,0.22045185719874133
2019,3,-7.128646196789951,1.2851165091546841,-12.891620507676203,1.2144053933396395,0.857366197989358,0.20872802845659635
2019,3,-13.881367683410645,0.3848104476928711,-16.449703216552734,1.5305299758914104,1.4501988887786865,0.39972615242004395
2019,3,-7.917181968688965,0.8673088550567954,-14.05508041381836,0.5387406349184239,0.7839503288269043,0.047638267278680584
2019,3,-7.392089080810547,1.3488145755161551,-13.480441284179687,1.1199773931962753,0.791398286819458,0.05324056537751409
2019,3,-11.217680931091309,0.0,-18.5531005859375,0.0,0.6236070990562439,0.0
2019,3,-8.008336067199707,0.0,-17.34215545654297,0.0,0.417627215385437,0.0
2019,3,-8.3426882425944,1.415169052307497,-14.079742431640625,1.2037756934558175,0.8430657386779785,0.03287225007477189
2019,3,-7.990787982940674,1.0501269448317676,-14.600412368774414,1.017117609373804,0.7210745811462402,0.09212837413178958
2019,3,-8.403553771972657,3.0446914096289985,-17.002589416503906,2.591168535629082,0.49382495880126953,0.09435954519457607
2019,3,-10.264091491699219,1.8316050464878666,-16.39780553181966,1.472873779753262,0.8034331798553467,0.20591654243792665
2019,3,-7.959654490152995,1.777271894637031,-14.235944112141928,1.6588486869820365,0.7681179046630859,0.1035473356958501
2019,3,-14.646270751953125,0.0,-17.224027633666992,0.0,1.423282265663147,0.0
2019,3,-13.387766520182291,3.215607933574492,-17.819895426432293,1.8593986390401986,1.0805689493815105,0.24898585947078655
2019,3,-10.250989278157553,3.5381695249658955,-15.54917017618815,1.706469241822908,0.9451845486958822,0.31740951604336787
2019,2,-7.90832835230334,2.4053650580179045,-13.42877197265625,1.8699682616838855,0.8939230688687029,0.2349434876249635
2019,2,-12.653767903645834,3.227766678833701,-16.718142554873513,2.3208394640993752,1.1446503230503626,0.2601235548601772
2019,2,-8.938282213712993,2.485461711532855,-14.18619095651727,1.9368378826039152,0.9443953664679277,0.25763775995135046
2019,2,-7.898719787597656,2.039913616290937,-14.391790771484375,1.319210982943956,0.7502967357635498,0.17060736573052218
2019,2,-8.243895530700684,1.889030133167425,-13.390260696411133,1.703813455435853,0.949895977973938,0.1862505030303506
2019,2,-10.21390749373526,3.281117733073899,-15.206083477668042,3.052903901414049,0.9820520652914947,0.23097986972939852
2019,2,-6.91625715449532,1.4257717763839368,-13.203209861714573,1.079708532836245,0.782419133313837,0.21275997679032707
2019,2,-8.546836005316841,2.242123554022736,-14.225501166449654,2.062367292557582,0.8674740261501737,0.20270807336509147
2019,2,-8.129858068517736,2.424636707425581,-13.975523252744932,2.1334080859166464,0.8467706216348184,0.21301169222131647
2019,2,-6.90154677741152,1.2861301736882695,-12.996913764312977,1.1764275340797279,0.8066102980243754,0.19438686583336864
2019,2,-7.434666224888393,1.3741984795976765,-12.771951729910715,1.2350429742361466,0.920930916922433,0.1986564616626557
2019,2,-6.55053763554014,0.7363391412190955,-13.040202173693427,0.7688023238331153,0.739453151308257,0.10761927625165248
2019,2,-9.109824345029633,2.0973170523325835,-13.418812718884698,1.9553159684468102,1.0967302651240909,0.23571310391750158
2019,2,-7.6523561830873845,0.9968169663250999,-13.09250217013889,0.9629866278390402,0.894569820827908,0.11540483504144713
2019,2,-6.118836622971755,1.3999716492040009,-12.6278076171875,1.210529819102345,0.7480577322152945,0.18418404453849133
2019,2,-7.090864950151586,1.3671109185881498,-13.091591906191697,1.3067944085907808,0.8198089599609375,0.19454515060955066
2019,2,-7.87628173828125,1.4486744364411377,-13.365735567533052,1.0713124142028383,0.8930263519287109,0.1756175496315592
2019,2,-6.9918424954379566,1.2824336948603228,-12.97178756082725,1.230636451028952,0.8241679022201946,0.19956820264893335
2019,2,-8.247567538557382,1.8290206682327481,-13.818376212284482,1.4334096784596122,0.8833125541950094,0.19411406665724212
2019,2,-6.887796674455915,1.1761319672715882,-13.2213134765625,0.9864731198280096,0.7687155859810966,0.17205568276838298
2019,2,-7.7740427652994795,1.3508576319312362,-14.247355143229166,0.9620272398901429,0.7546087900797526,0.20538661717896495
2019,2,-7.296028444272446,1.1611436293873814,-13.003398316563468,1.0949976129551269,0.8642609870839784,0.20408533430592002
2019,2,-7.288295829311454,1.4927826409720226,-13.080118343790218,1.4040026342544205,0.8524502198208253,0.20345367384173496
2019,2,-7.296663930216633,1.3476234852269937,-13.07838373070219,1.456274663508817,0.8548132907821837,0.20372678362897206
2019,2,-7.006166395516992,1.2218126806709892,-12.833369486623283,1.1413130759693677,0.8464677105929139,0.19876451639437753
2019,2,-7.02564203532103,1.2603222813086392,-12.68019516710608,1.2079207955157958,0.8706359106021246,0.1929084719424993
2019,2,-7.298820837220149,1.3076796112060192,-12.880575151585822,1.246340287129008,0.8849567990821562,0.2113503034743292
2019,2,-7.478285121058558,1.5606187882218499,-13.366807432432433,1.3076495340342016,0.839062060106982,0.21227104076607214
2019,2,-7.234031129137146,1.1647664393603572,-13.008766300441524,1.106587940526844,0.8533401465756237,0.19585464100345054
2019,2,-6.86445563180106,1.0877668181195022,-12.806034633091517,0.9387447221674445,0.8270276614597866,0.1867659460232269
2019,2,-7.284081423431017,1.6813964130180905,-13.385982275998444,1.5149496443786152,0.8161885115120916,0.2544502177162579
2019,2,-7.042637376972369,1.3214142897326644,-12.934802343814475,1.251544768904837,0.8373127630601634,0.20290403200471002
2019,2,-7.702716077448545,1.1996796767423121,-13.274468816536551,1.0991558883876915,0.8877786564606991,0.21919409405173804
2019,2,-14.7159423828125,0.0,-19.852985382080078,0.0,0.938162088394165,0.0
2019,2,-14.526651382446289,0.0,-19.08808708190918,0.0,1.0366626977920532,0.0
2019,2,-9.83045482635498,0.0,-20.060440063476562,0.0,0.3465054929256439,0.0
2019,2,-12.781436920166016,0.0,-19.606712341308594,0.0,0.6879661083221436,0.0
2019,2,-15.110383033752441,0.0,-20.188190460205078,0.0,0.9479922652244568,0.0
2019,2,-12.787150382995605,0.0,-20.97768783569336,0.0,0.5268319249153137,0.0
2019,2,-17.20384979248047,0.0,-21.343372344970703,0.0,1.112998604774475,0.0
2019,2,-11.061335563659668,0.0,-17.42830467224121,0.0,0.7501756548881531,0.0
2019,2,-6.1515913009643555,0.0,-11.631389617919922,0.0,0.882677435874939,0.0
2019,2,-15.696677207946777,0.0,-20.92058563232422,0.0,0.9238747954368591,0.0
2019,2,-10.986026763916016,0.0,-15.716680526733398,0.0,1.0070205926895142,0.0
2019,2,-13.339537620544434,0.0,-19.214130401611328,0.0,0.8217335939407349,0.0
2019,2,-15.888395309448242,0.0,-18.350847244262695,0.0,1.4477165937423706,0.0
2019,2,-15.065824508666992,0.0,-18.708454132080078,0.0,1.2071954011917114,0.0
2019,2,-15.719313621520996,0.0,-21.077796936035156,0.0,0.90204256772995,0.0
2019,2,-9.977628707885742,0.0,-15.997734069824219,0.0,0.8000728487968445,0.0
2019,2,-14.988929748535156,0.6525349617006136,-19.273921966552734,1.0792856216434878,1.1145174503326416,0.31395933032035966
2019,2,-13.304666519165039,1.017571926117055,-16.9315242767334,0.05950355529785156,1.2204289436340332,0.20876502990722656
2019,2,-10.272661209106445,0.0,-16.41067886352539,0.0,0.7828370332717896,0.0
2019,2,-15.504966735839844,1.2161917960391078,-20.725677490234375,0.5788637214244557,0.9291672706604004,0.10965742314636355
2019,2,-13.319731712341309,0.0,-20.207904815673828,0.0,0.6797553896903992,0.0
2019,2,-8.475687026977539,0.33889138006233627,-17.297735850016277,0.38204537702445246,0.46756553649902344,0.06369715999348168
2019,2,-9.739788055419922,1.2430830001831055,-16.772998809814453,1.729863166809345,0.6634382009506226,0.06187638640404465
2019,2,-11.583755493164062,0.8930144309998832,-16.964303970336914,0.29205894470214844,0.9126867055892944,0.1899923384189629
2019,2,-12.624061584472656,1.575821542051661,-17.933324178059895,1.4708965266684988,0.910250186920166,0.026313492434456392
2019,2,-9.81579875946045,0.4120817184448242,-16.458011627197266,0.8623161315917969,0.7143349647521973,0.06070840358734131
2019,2,-12.187664985656738,1.8774199599504404,-17.12149429321289,1.6371398535537167,0.9845646619796753,0.19303386835299338
2019,2,-12.376824696858725,0.6039591186005626,-16.971480051676433,0.4679624855023546,1.0309882164001465,0.024266277069035183
2019,2,-13.03785400390625,2.9168223282463264,-17.657464599609376,2.492437275187021,1.0344152450561523,0.16041068931205946
2019,2,-12.077535629272461,1.4796713781322448,-17.27179527282715,1.4558657907077657,0.929065465927124,0.02980234834577503
2019,2,-9.375897407531738,1.596707473159235,-14.61009407043457,1.5577021245736016,0.9227592349052429,0.038523982572322625
2019,2,-12.25180435180664,2.06377622753909,-15.899351501464844,0.7373330380770926,1.2456977844238282,0.3882989746337965
2019,2,-8.983967590332032,2.0641795550996274,-14.581819152832031,1.3091587960084106,0.8797277450561524,0.2137415616231447
2019,2,-13.692944117954799,2.386282698906494,-19.597856794084823,2.0691088300115608,0.8299245834350586,0.1753956621471716
2019,2,-11.183396339416504,1.810563929733398,-16.60881996154785,1.0647579149838065,0.9179182052612305,0.2910105897573452
2019,2,-11.395445081922743,2.1428543232263424,-17.126200358072918,2.931481332696422,0.854656007554796,0.15842531937495222
2019,2,-7.626300048828125,1.7389774892095446,-13.436738586425781,1.6997597771795663,0.8445357322692871,0.17415906081208268
2019,2,-9.022306962446732,1.8828540769416724,-15.184273459694602,1.5958646312200657,0.7872278040105646,0.1287548223869635
2019,2,-7.585513305664063,1.29077731071036,-14.713796997070313,1.5404588449742593,0.6703018188476563,0.1861937618135871
2019,2,-9.6583005464994,2.977249083574938,-15.496112530048077,2.8723656759309417,0.8389757596529447,0.17519737890238848
2019,2,-8.54886185495477,1.600333154868559,-14.1620949193051,2.048681180183047,0.879581049868935,0.22005453439442843
2019,2,-10.639124870300293,0.0,-16.210193634033203,0.0,0.8683055639266968,0.0
2019,2,-15.406253814697266,0.0,-19.954126358032227,0.0,1.0390629768371582,0.0
2019,2,-8.561999320983887,0.0,-13.993178367614746,0.0,0.8904023170471191,0.0
2019,2,-11.338597297668457,0.0,-16.544368743896484,0.0,0.9268453121185303,0.0
2019,2,-12.248748779296875,0.0,-15.11086654663086,0.0,1.3638328313827515,0.0
2019,2,-14.822834968566895,0.0,-18.902549743652344,0.0,1.1240949630737305,0.0
2019,2,-11.241861343383789,0.0,-16.96316909790039,0.0,0.8450182676315308,0.0
2019,2,-10.071220397949219,1.5823898315429688,-15.456192016601562,0.5443916320800781,0.9086921215057373,0.16634401679039268
2019,2,-8.77010440826416,0.957614183425933,-15.348798751831055,0.5956325531005859,0.7448875308036804,0.21185296773910522
2019,2,-9.04187240600586,2.2184511365181514,-15.161041259765625,1.434842445520025,0.7918113708496094,0.11982708569942194
2019,2,-13.189697265625,2.2738028534024406,-15.9826021194458,2.1363450610968933,1.3804895877838135,0.11204173189374253
2019,2,-6.242641448974609,1.3726971735761007,-14.634021759033203,1.236470902788742,0.515724261601766,0.10408856850457726
2019,2,-15.816670735677084,0.3182576190497753,-20.819796244303387,0.9966967173972836,0.9712494214375814,0.17292907077403946
2019,2,-8.669868469238281,1.6794767409606646,-14.477378845214844,1.3064033342251051,0.8401711327689034,0.13756967072743162
2019,2,-9.716150283813477,1.5070868343110966,-14.318802833557129,1.511909107190206,1.0357052087783813,0.13456077874217784
2019,2,-6.879709417169744,1.9700472352420175,-13.333283857865768,1.6642626519461037,0.7546648545698686,0.17292552381025708
2019,2,-9.622510469876802,2.5103205051983815,-15.36786358173077,2.06091718315836,0.8637525118314303,0.22583430104743596
2019,2,-6.663301467895508,0.5171741090177652,-12.593717575073242,1.4927858959674523,0.834486722946167,0.2170596762134534
2019,2,-9.556231330422793,2.583699208935053,-13.914847878848805,2.71318925546491,1.0900643292595358,0.24685685399136523
2019,2,-13.947186470031738,0.0,-19.124950408935547,0.0,0.9314455389976501,0.0
2019,2,-16.291372299194336,0.0,-20.187503814697266,0.0,1.158572793006897,0.0
2019,2,-15.001001358032227,0.0,-20.50647735595703,0.0,0.8786167502403259,0.0
2019,2,-16.68796730041504,0.0,-19.240345001220703,0.0,1.4286450147628784,0.0
2019,2,-13.556510925292969,0.0,-18.671228408813477,0.0,0.9418588876724243,0.0
2019,2,-12.889057159423828,0.0,-18.34048843383789,0.0,0.8871788382530212,0.0
2019,2,-14.989825248718262,0.0,-20.37527084350586,0.0,0.897712767124176,0.0
2019,2,-11.798810005187988,0.0,-17.69526481628418,0.0,0.8184515237808228,0.0
2019,2,-12.065292358398438,0.0,-18.039100646972656,0.0,0.8069177865982056,0.0
2019,2,-15.216599464416504,0.0,-19.158863067626953,0.0,1.1498502492904663,0.0
2019,2,-12.6222505569458,1.8226861953735352,-19.925188064575195,1.1551246643066406,0.6318385601043701,0.08139437437057495
2019,2,-12.0419921875,0.0,-15.32880973815918,0.0,1.2773503065109253,0.0
2019,2,-13.302801132202148,0.0,-16.36467742919922,0.0,1.3227976560592651,0.0
2019,2,-11.997575759887695,0.11093091964824164,-16.30224609375,0.420639991761335,1.0836313962936401,0.05630326271057129
2019,2,-14.274288177490234,1.2956280708313865,-18.805912017822266,0.8143901824951172,1.0442063808441162,0.08535480499267578
2019,2,-15.791878700256348,0.6586484909057617,-20.256298065185547,0.40641880035512284,1.064880132675171,0.19004768133164388
2019,2,-11.243719100952148,2.2529854774475604,-17.130821228027344,1.9627652168274505,0.8207130432128906,0.0435587465763194
2019,2,-12.523272514343262,1.2896928787231445,-16.160850524902344,0.11619281769190201,1.2202515602111816,0.22711998224259206
2019,2,-10.921184539794922,1.87144796867155,-15.480384826660156,0.12773699648722428,1.066529353459676,0.30435712430346235
2019,2,-13.227422714233398,0.8537837396127642,-18.481281280517578,0.8484596360335228,0.9243929386138916,0.11920602388563291
2019,2,-10.945435523986816,0.6024332046508789,-14.630569458007812,0.9547958374023438,1.2000682353973389,0.06809991598131881
2019,2,-9.3052978515625,1.6942362785340026,-15.677583694458008,1.3395371437073602,0.7506994009017944,0.04974484443664551
2019,2,-11.398391723632812,1.9378215077316263,-16.851064046223957,0.9214681236904595,0.8991950352986654,0.18365499331050933
2019,2,-8.267977396647135,1.4298167487631737,-15.239334106445312,1.214550728569366,0.6846255461374918,0.16776613224940207
2019,2,-12.254786682128906,2.3092622295759186,-19.644798278808594,1.6179689046445547,0.639247989654541,0.19256282086916515
2019,2,-16.01743927001953,1.5075998534121562,-20.970252990722656,0.7416535413864827,0.9957983016967773,0.251323594102657
2019,2,-8.609809875488281,1.4069894268135856,-16.176738739013672,1.4634499659947502,0.5992610851923624,0.06623840774265537
2019,2,-10.66773796081543,1.9549287438167335,-16.364334106445312,1.4692587769830878,0.8591969013214111,0.156952555194406
2019,2,-8.659191131591797,1.9131719899010466,-15.442507934570312,0.8177400421657547,0.7099630832672119,0.18068055135451544
2019,2,-11.098467254638672,1.3319246549114991,-15.011851501464843,1.9005583432164586,1.1584571838378905,0.10668821341761331
2019,2,-9.651958465576172,2.7148059141277754,-15.242735862731934,1.5413434589611068,0.8954422473907471,0.2936235860666908
2019,2,-9.334087371826172,2.1046657807995897,-14.000913619995117,2.7050089544995006,1.0427391529083252,0.27568362309520106
2019,2,-11.45697021484375,2.4135626579356706,-16.528778076171875,2.199534484557441,0.9686239787510463,0.23940567457305648
2019,2,-9.561736424763998,1.8126730396247854,-15.094510396321615,1.5246591727274992,0.8820125261942545,0.1323830448071038
2019,2,-8.166769409179688,2.3470093737068876,-14.405825805664062,1.15102729952009,0.8080071131388347,0.3078624436214924
2019,2,-8.779903411865234,2.589291516014954,-15.000041961669922,1.6126743736385054,0.7945946852366129,0.2361664038576196
2019,2,-16.11378288269043,0.0,-21.220947265625,0.0,0.9431118369102478,0.0
2019,2,-8.040323257446289,0.6669422705102057,-15.051328659057617,0.8400335108127658,0.6649038791656494,0.03976953657599051
2019,2,-13.286868286132812,2.3966292252971773,-18.677163696289064,2.0601791936020826,0.9453463554382324,0.36672225758181043
2019,2,-13.587013244628906,0.0,-21.113327026367188,0.0,0.6008182764053345,0.0
2019,2,-11.066559600830079,1.477539863568838,-16.72368469238281,2.2433566021456706,0.8649614334106446,0.15554877910519072
2019,2,-11.48551082611084,2.001607781851406,-16.92965316772461,1.2638814909158895,0.9088686108589172,0.23012240099457643
2019,2,-11.427761622837611,1.5243779987404389,-16.11987522670201,1.693658954197642,1.0238323211669922,0.16643970988178328
2019,2,-9.126662572224935,2.6285497460765557,-15.255864461263021,2.1183919005853897,0.7928587595621744,0.12553726589527076
2019,2,-10.51246166229248,3.6916800844405864,-15.116328239440918,2.4371649051941917,1.0477712154388428,0.2434746592285813
2019,2,-8.384809494018555,1.702568184859457,-14.083820343017578,1.1015645659218056,0.8669992089271545,0.21690672208408593
2019,2,-13.035967826843262,2.079608917236328,-17.85915756225586,0.7404584884649696,1.0087556838989258,0.22943931818009197
2019,2,-10.36861092703683,2.8629346532932836,-15.632452101934524,2.819326654409398,0.9306268237885975,0.18297286288342215
2019,2,-11.75625271267361,3.4411359841403097,-15.71041531032986,2.7680332517373865,1.1560480329725478,0.18877267807894968
2019,2,-11.770048141479492,0.0,-16.7398738861084,0.0,0.9660943746566772,0.0
2019,2,-11.416869163513184,0.06436729431152344,-16.09020233154297,0.3398046493543656,1.0186113119125366,0.07056817412377032
2019,2,-10.3939208984375,1.4091310356247202,-15.907529558454241,1.1541592532972726,0.8835325922284808,0.12455557367194224
2019,2,-15.740376472473145,0.0,-21.916461944580078,0.0,0.7773327827453613,0.0
2019,2,-14.889873504638672,0.0,-18.00807762145996,0.0,1.31134033203125,0.0
2019,2,-6.095372200012207,0.0,-12.834376335144043,0.0,0.6993560791015625,0.0
2019,2,-13.154685974121094,1.0592112541199803,-18.704864501953125,1.4915647506716916,0.8734843730926514,0.06785959005355835
2019,2,-11.213422775268555,0.0,-17.03432273864746,0.0,0.8298352956771851,0.0
2019,2,-10.670373916625977,0.6733989715576172,-18.005525588989258,0.446533203125,0.6356458067893982,0.13605906069278798
2019,2,-8.091371536254883,0.3308631466178505,-11.534981727600098,0.4239050720049204,1.2478628158569336,0.08775923917214319
2019,1,-7.660192040248691,1.0735287779284128,-13.530196744109947,0.983145395505395,0.8401059987865401,0.20510521163883483
2019,1,-9.730292426215279,3.0036768311500426,-15.19923570421007,2.354262728987699,0.8983140874792028,0.19828641369685301
2019,1,-7.597315053470799,1.4851588497775998,-13.29856397284836,1.3958697125215975,0.8595236481213179,0.16440271221924874
2019,1,-7.800443013509114,1.641212175566967,-13.498924763997396,1.7696416700511117,0.8686351140340169,0.21930377988711483
2019,1,-6.800665381009206,1.4346359392390955,-12.7753872954313,1.30613788554856,0.8263341914741732,0.20806079265633937
2019,1,-6.914826149164244,0.9713949667611795,-12.5035400390625,0.8782758142191187,0.8765605956084969,0.1591161648125843
2019,1,-7.179782761410082,1.1623818132688664,-12.872033591621253,1.0772975889180987,0.8674743486035422,0.20732546766686893
2019,1,-8.032844789566532,2.580723608109699,-13.712561822706654,2.3600083756848513,0.8703116140057964,0.2035305005584109
2019,1,-7.933064968786507,1.5877098483232088,-14.123198607257594,1.6619323313257042,0.7927785855587398,0.20753805854580717
2019,1,-7.0945538642017185,1.1596181202885212,-13.08324322987336,1.093426179642086,0.8214609878519336,0.19157483954494706
2019,1,-7.24736036613806,1.2370016476105083,-13.036790170242538,1.2008620330294952,0.8525837001515858,0.20507948693660075
2019,1,-6.598621555295389,1.484971970943291,-13.394254041336456,1.3571454926239501,0.7118984958967489,0.192303435257745
2019,1,-6.591527966485507,1.3608332038476536,-12.284107152966486,0.9169845949934468,0.8810924585314764,0.27013387351914114
2019,1,-7.437019200076609,1.722663971157834,-13.753419465015321,1.525136177407731,0.7811550494964569,0.21109827308017073
2019,1,-8.130032958984375,1.455580699882657,-14.22608642578125,1.8447166855212058,0.8122604370117188,0.21308635913269444
2019,1,-6.474605462489984,0.9168238315004331,-13.51877222305689,1.0719675946920355,0.6750194842998798,0.1642038221899141
2019,1,-7.305225958553244,1.4028472491111879,-13.276004880083825,1.3296415279007336,0.8271884580681466,0.20832422442832876
2019,1,-7.469309931216032,0.7710557310721029,-12.845156462296195,1.2871607856532896,0.9109030184538468,0.1587024370120263
2019,1,-6.958552208263452,1.205425881516124,-12.882804341634758,1.1499741148592428,0.832318564549645,0.2016257535828806
2019,1,-7.2991924022738885,1.520267512136358,-13.062663675268269,1.4228668905973156,0.8609808764411407,0.229271991766627
2019,1,-7.250550735828488,1.952380187373816,-13.716893395712209,1.6593924206811572,0.7596822339434957,0.21801674998571358
2019,1,-7.370191665639382,1.258930593942094,-12.706565119575936,1.19857438431342,0.9238985903085963,0.21764679095478284
2019,1,-6.8847889349089195,1.3001074798330097,-12.672130182160805,1.1148870621362914,0.8524261934673367,0.19676325185037888
2019,1,-7.328888831186816,1.2978908749834657,-13.124487172829248,1.2155424781421043,0.8512804585800097,0.2023306081002998
2019,1,-9.965447562081474,2.644771773722121,-14.804755074637276,2.0970204253014595,1.0015456335885184,0.18608369340584413
2019,1,-7.347798389187406,1.380854560452302,-13.15015789969834,1.2715705553590506,0.8497193855757447,0.20484697871594024
2019,1,-7.22921950733683,1.4780013165738741,-13.081779651638891,1.437965554731773,0.8440777643140119,0.20809183304058276
2019,1,-7.217798934806984,1.3910281051068594,-13.036700270970153,1.292131915181096,0.8487129543421966,0.20726470748128428
2019,1,-7.623334099264706,1.2665378692566112,-12.691209680893841,1.2313540981640452,0.9588253918816062,0.16027343702559912
2019,1,-7.328844168982996,1.1806698169353995,-13.032726659581426,1.1435040894199897,0.8656961504659908,0.20726409135192936
2019,1,-7.288599846771409,1.288818669236755,-13.001659077175415,1.1819703273505084,0.86340163425846,0.20070204866360125
2019,1,-7.283999331362613,1.3100260916420217,-13.075641070758259,1.1113816587886787,0.8491908351222316,0.18570862746979375
2019,1,-7.57406671318326,1.3138556726155208,-13.325244402757443,1.349973138804964,0.8597581303951622,0.2104424413579004
2019,1,-7.054225486455551,1.4121388374168815,-12.890554124803934,1.2607827010046984,0.8459383544766629,0.20513346855785605
2019,1,-7.077741684534417,1.2873528059420714,-13.157219383492983,1.2305771905365779,0.8113764310153988,0.20553719675160556
2019,1,-7.311041185678805,1.1982502253353167,-13.170608580823451,1.1336476278880845,0.8420032078610907,0.20350357656268336
2019,1,-7.020503828958676,1.3001410593853848,-13.16893104611067,1.240989471633893,0.8011598032763704,0.2042287739279296
2019,1,-12.767904281616211,0.0,-18.21569061279297,0.0,0.8877579569816589,0.0
2019,1,-9.505022048950195,0.0,-15.795310974121094,0.0,0.760996401309967,0.0
2019,1,-6.673364162445068,0.0,-12.968851089477539,0.0,0.7602590322494507,0.0
2019,1,-10.900130271911621,0.0,-17.348058700561523,0.0,0.7388800978660583,0.0
2019,1,-12.095941543579102,0.8782534599305494,-20.15902328491211,0.9468507766728436,0.5404452085494995,0.007382631301879883
2019,1,-11.744650704520089,1.0927198116330696,-18.836377825055802,1.0501541206567535,0.655890873500279,0.06145557608675144
2019,1,-10.393183135986328,1.953498076611399,-16.950032043457032,1.872560273359596,0.7326949119567872,0.13845408334723538
2019,1,-11.210236443413628,2.7557319731328542,-17.97383795844184,1.4965656005011507,0.7286180920071073,0.23351918691319462
2019,1,-6.784053802490234,0.0,-10.626903533935547,0.0,1.1686960458755493,0.0
2019,1,-10.127365112304688,0.0,-16.80624771118164,0.0,0.7073807716369629,0.0
2019,1,-9.319807052612305,0.0,-15.667332649230957,0.0,0.7529082298278809,0.0
2019,1,-14.51551628112793,0.0,-21.9865779876709,0.0,0.6073428988456726,0.0
2019,1,-8.436409950256348,0.0,-15.643095970153809,0.0,0.639369785785675,0.0
2019,1,-13.002779006958008,0.0,-17.048480987548828,0.0,1.1304354667663574,0.0
2019,1,-15.26323127746582,0.0,-21.699979782104492,0.0,0.74043208360672,0.0
2019,1,-7.671396732330322,0.0,-13.315958023071289,0.0,0.8568565249443054,0.0
2019,1,-14.660799026489258,0.0,-19.34246063232422,0.0,1.0155445337295532,0.0
2019,1,-14.251029968261719,0.0,-18.79759979248047,0.0,1.0392937660217285,0.0
2019,1,-16.984481811523438,0.5993146896369892,-21.189191818237305,0.23403167724609375,1.1075565814971924,0.1529276967048761
2019,1,-9.816437721252441,0.0,-14.689489364624023,0.0,0.9825162887573242,0.0
2019,1,-12.521787643432617,1.3183531761170295,-16.940954208374023,2.269296646118164,1.0707422494888306,0.170568585395813
2019,1,-9.396402359008789,1.310831546783534,-16.28217315673828,1.994443416595516,0.6846758127212524,0.08890363574028515
2019,1,-11.137062072753906,0.5776128742023223,-19.30884552001953,1.1227711460512741,0.5485453009605408,0.1764805276137189
2019,1,-14.66708755493164,0.06781148910690112,-18.946575164794922,0.02247905733224154,1.0873734951019287,0.016460239887345466
2019,1,-11.642935752868652,1.3643853291986268,-18.23761558532715,0.8528598423843182,0.7305164337158203,0.14864442423261306
2019,1,-15.948480224609375,0.6663420855581832,-21.174342346191406,0.7667198608028478,0.931124210357666,0.1373508228986146
2019,1,-12.700920104980469,1.6289946377625864,-18.45711898803711,1.4812874485291743,0.8471280336380005,0.12890291630142428
2019,1,-8.825450897216797,0.4782902075596968,-14.449232737223307,1.7605061706159941,0.8871994018554688,0.2595019940411218
2019,1,-14.645858764648438,1.7208479019661753,-20.194854736328125,0.9235274312749794,0.8829262852668762,0.16521695332808567
2019,1,-11.69027818952288,2.6476302770435596,-16.292212350027903,1.931910732476638,1.0434679985046387,0.21180017085039665
2019,1,-9.364728927612305,1.594860373452571,-14.986433982849121,2.021377418276736,0.8725203275680542,0.1897223093589637
2019,1,-9.528210322062174,2.3046376850969605,-14.8824094136556,1.2278102286952703,0.9175798098246256,0.20150557301656627
2019,1,-9.271757125854492,2.271386598497353,-12.948333740234375,1.170289058771623,1.2226290702819824,0.3113943784403709
2019,1,-8.282318115234375,1.6976487411922714,-13.00783949631911,1.592479663377827,1.0339297514695387,0.29493289548515667
2019,1,-10.012301635742187,1.5077322608901067,-14.068144226074219,1.8820010013539703,1.1419994354248046,0.2176475103233232
2019,1,-7.420168399810791,0.0,-13.838495254516602,0.0,0.7429947853088379,0.0
2019,1,-12.552841186523438,0.0,-18.80846405029297,0.0,0.7659270167350769,0.0
2019,1,-16.043251037597656,0.0,-19.68952751159668,0.0,1.2064878940582275,0.0
2019,1,-10.905674934387207,0.0,-14.448470115661621,0.0,1.2266587018966675,0.0
2019,1,-14.097527503967285,0.0,-16.668739318847656,0.0,1.4246643781661987,0.0
2019,1,-11.046525955200195,0.0,-16.489051818847656,0.0,0.8885954022407532,0.0
2019,1,-8.41614818572998,0.0,-18.287086486816406,0.0,0.3735805153846741,0.0
2019,1,-13.236574172973633,2.5264058113098593,-17.44876480102539,0.6511240005500148,1.1323580741882324,0.3421673476696027
2019,1,-11.457289695739746,0.0,-15.823149681091309,0.0,1.071621060371399,0.0
2019,1,-9.92413584391276,2.2635270145692057,-15.921717325846354,1.9708443292968998,0.809866189956665,0.11594969935446783
2019,1,-9.648087819417318,2.638452843988344,-15.233020782470703,1.3246333576936034,0.8867549896240234,0.22386665296095087
2019,1,-9.375962575276693,2.537214936558809,-15.527915954589844,1.498193795301014,0.7974573771158854,0.19576351643711573
2019,1,-10.12612533569336,2.710143481776084,-14.98309326171875,2.3534547552936838,1.0034169197082519,0.2369710084604815
2019,1,-7.95941162109375,1.7108989966834485,-13.467157464278372,1.6995782225956497,0.8903636932373047,0.1731251739131676
2019,1,-9.717311029848846,2.855988358856969,-14.731856636379076,2.277122477242831,0.972889692887016,0.21618755454681177
2019,1,-12.286592483520508,0.0,-16.740785598754883,0.0,1.0557398796081543,0.0
2019,1,-9.47633171081543,0.3121294975284404,-15.302541732788086,0.15850830078125,0.8292719125747681,0.023247122764587402
2019,1,-8.623761494954428,1.736626465580026,-14.931663513183594,1.615414148729338,0.7686018149058024,0.1383292501563235
2019,1,-9.591665267944336,0.0,-16.6389102935791,0.0,0.6593378782272339,0.0
2019,1,-12.604581832885742,0.0,-14.305581092834473,0.0,1.6132620573043823,0.0
2019,1,-7.4309532165527346,0.9648461002978737,-13.280203247070313,0.9943097190104506,0.8385040283203125,0.17436896056657528
2019,1,-13.173884391784668,0.0,-15.790244102478027,0.0,1.415143370628357,0.0
2019,1,-8.343173027038574,0.0,-15.635364532470703,0.0,0.6288644671440125,0.0
2019,1,-8.944045257568359,2.478400234968296,-13.593095397949218,1.1667202685718883,1.053499126434326,0.3216589484645255
2019,1,-8.850106239318848,0.0,-15.586067199707031,0.0,0.6997604966163635,0.0
2019,1,-12.44826889038086,0.0,-19.534656524658203,0.0,0.6543899774551392,0.0
2019,1,-15.098575592041016,0.0,-19.199365615844727,0.0,1.120177149772644,0.0
2019,1,-11.323715209960938,2.227568478847581,-18.32134246826172,1.279076078831213,0.6771316528320312,0.14271773266304466
2019,1,-11.073012034098307,1.4837175106566391,-14.143048604329428,1.4211615633834862,1.3211722373962402,0.013994446080897104
2019,1,-8.25577392578125,1.3424609339383717,-14.54915771484375,1.1813482193518228,0.766649866104126,0.10797555868136408
2019,1,-9.082728703816732,3.041415912592044,-14.445521036783854,2.04958019910899,0.9289732774098715,0.25638955054849144
2019,0,-14.778977120236178,1.1329233025419827,-21.347511574074073,0.7724428179845265,0.739916782512245,0.1829945103884333
2019,0,-10.36083749498931,1.659771429393931,-16.456256680919296,1.9122599082659513,0.8096533020443613,0.2120899056171441
2019,0,-10.910366607970756,1.4841820114794482,-17.429123294846647,1.3347548424287428,0.7475285550497057,0.19208074699447214
2019,0,-7.190933958976032,1.1639404962486497,-13.686431204022307,1.2403893059592115,0.7516855783919673,0.19320501798346712
2019,0,-14.430101434974578,1.1424920110781156,-21.341843390420124,0.7737056610970587,0.695527568487423,0.18605022294662285
2019,0,-8.573531977232983,2.6827260183824477,-14.617397682943233,2.615948236235464,0.8151140189921308,0.20260152880311824
2019,0,-10.804526822440584,2.2060163989938464,-16.460485817527424,2.3093566107166716,0.8780311152093807,0.23939956246325494
2021,3,-7.204792008980425,1.19043722367071,-13.296543457321738,1.0975853614174789,0.8034861004383977,0.17246091298043512
2021,2,-6.513938140869141,1.0376995076922533,-13.268597412109376,0.9403353117532975,0.7109068393707275,0.15739448728308966
2021,2,-7.61274000783699,1.244202232838907,-13.711831896551724,1.1849693177139933,0.8027655392829154,0.1737514259828147
2021,2,-11.745842933654785,0.0,-14.355979919433594,0.0,1.4164539575576782,0.0
2021,2,-9.096768379211426,0.0,-15.559096336364746,0.0,0.7368847131729126,0.0
2021,2,-8.855003356933594,1.2409161377958617,-14.104948997497559,1.0195886081015517,0.925451397895813,0.12475103544021228
2021,2,-7.462641811827153,1.0659950417020134,-13.289404764129785,0.9134103254894671,0.843130157324686,0.17212067361539035
2021,2,-7.552209661192082,1.3232518624712115,-13.381602471720688,1.209804741209297,0.8436081467023331,0.18264176405023663
2021,2,-7.251482303430029,1.272493982625473,-13.02293316333378,1.151747785081426,0.851447312920605,0.18003657502947562
2021,2,-7.359468669508331,1.225124270015227,-13.209388510253547,1.1405205657688782,0.8389417506249383,0.1750367260529905
2021,2,-8.18304443359375,1.8087741519324576,-13.528012362393467,2.1628708072910747,0.916637507351962,0.18231331495529213
2021,2,-6.172229124767946,1.4054214263602416,-13.171296072478341,1.544513925660116,0.6896771723681158,0.20723939873680536
2021,2,-11.787126541137695,0.0,-19.40938949584961,0.0,0.5896250009536743,0.0
2021,2,-11.597533226013184,0.0,-17.27777671813965,0.0,0.8513374328613281,0.0
2021,2,-14.435653686523438,1.5052661895751953,-18.938682556152344,1.2487163543701172,1.0476670265197754,0.045656561851501465
2021,2,-9.140186309814453,0.07981586456298828,-15.136563301086426,0.09782886505126953,0.8035789728164673,0.0026633143424987793
2021,2,-11.983464241027832,1.766623522734942,-16.92965316772461,1.6264233136044128,0.9736946821212769,0.10489111213603637
2021,2,-15.972604751586914,0.0,-20.718019485473633,0.0,1.0044618844985962,0.0
2021,2,-11.925033569335938,3.479719149532704,-17.265191650390626,2.049609499475394,0.926381778717041,0.2557005940121786
2021,2,-13.187891278948102,2.691435915201279,-16.83944593157087,2.631748894419389,1.2093628474644251,0.12836492025891866
2021,1,-11.84862995147705,0.0,-18.026931762695312,0.0,0.7770131826400757,0.0
2021,1,-9.023688634236654,1.3253573689597051,-16.20365269978841,1.100276529875938,0.6431864500045776,0.02858033033715635
2021,1,-8.518412714419158,1.7093132862342832,-13.23871380349864,1.4003900620337237,1.0188588681428328,0.17323107120464248
2021,1,-11.498347282409668,0.0,-20.66925048828125,0.0,0.4318676292896271,0.0
2021,1,-7.195295810699463,0.0,-13.850006103515625,0.0,0.710627555847168,0.0
2021,1,-9.197879791259766,0.4001889228823642,-16.82984161376953,0.21863651275842758,0.5888123512268066,0.02098372578623027
2021,1,-9.04255231221517,0.7204507977062559,-16.598370869954426,1.1479842365668602,0.5995577176411947,0.05652772693086724
2021,1,-8.571816580636161,1.205345968202873,-13.481250581287203,0.9175695464677281,0.9873212178548177,0.1721980685235064
2021,1,-7.379688110351562,0.876009443551203,-13.19181884765625,0.7700092714960403,0.8411148071289063,0.1475471407710573
2021,1,-8.638507207234701,1.683447651675997,-14.830678304036459,1.2269898528961485,0.7777157624562582,0.07732729576380878
2021,1,-14.132997512817383,0.0,-20.9615535736084,0.0,0.6875362992286682,0.0
2021,1,-9.386756896972656,0.0,-15.728402137756348,0.0,0.7537358999252319,0.0
2021,1,-14.760040283203125,0.0,-18.58294677734375,0.0,1.1724985837936401,0.0
2021,1,-11.6793212890625,0.0,-17.616365432739258,0.0,0.8123846054077148,0.0
2021,1,-15.96896743774414,0.0,-19.2054443359375,0.0,1.2874494791030884,0.0
2021,1,-16.713829040527344,0.0,-20.441057205200195,0.0,1.190840244293213,0.0
2021,1,-14.139671325683594,0.0,-17.705398559570312,0.0,1.2221723794937134,0.0
2021,1,-15.458187103271484,0.0,-21.494762420654297,0.0,0.7976481914520264,0.0
2021,1,-17.561981201171875,0.0,-20.598356246948242,0.0,1.3280017375946045,0.0
2021,1,-17.420024871826172,0.0,-20.991413116455078,0.0,1.2210662364959717,0.0
2021,1,-18.496715545654297,0.0,-20.797142028808594,0.0,1.4823538064956665,0.0
2021,1,-20.04964828491211,0.0,-21.48118782043457,0.0,1.6733283996582031,0.0
2021,1,-15.155787467956543,0.0,-20.21509552001953,0.0,0.9510767459869385,0.0
2021,1,-9.301641464233398,0.0,-15.628402709960938,0.0,0.755834698677063,0.0
2021,1,-11.392868041992188,0.0,-14.699536323547363,0.0,1.2733793258666992,0.0
2021,1,-16.019630432128906,0.0,-20.86195182800293,0.0,0.9877702593803406,0.0
2021,1,-15.204879760742188,0.0,-18.781421661376953,0.0,1.2200603485107422,0.0
2021,1,-10.059398651123047,0.0,-14.637939453125,0.0,1.0336406230926514,0.0
2021,1,-7.041998386383057,0.0,-12.135154724121094,0.0,0.9454385042190552,0.0
2021,1,-12.344902992248535,0.0,-15.720916748046875,0.0,1.2595598697662354,0.0
2021,1,-14.071645736694336,0.0,-17.537425994873047,0.0,1.2417919635772705,0.0
2021,1,-8.01947021484375,0.0,-13.57325553894043,0.0,0.8710139393806458,0.0
2021,1,-12.510848999023438,0.0,-17.619321823120117,0.0,0.9428943991661072,0.0
2021,1,-16.356597900390625,0.0,-20.399198532104492,0.0,1.1310149431228638,0.0
2021,1,-15.021064758300781,0.0,-19.717571258544922,0.0,1.0129565000534058,0.0
2021,1,-17.75102424621582,0.0,-20.269466400146484,0.0,1.4358289241790771,0.0
2021,1,-9.57744026184082,0.0,-18.492141723632812,0.0,0.455125093460083,0.0
2021,1,-8.621283531188965,0.0,-14.104602813720703,0.0,0.8821197152137756,0.0
2021,1,-13.864227294921875,0.0,-18.353591918945312,0.0,1.049458622932434,0.0
2021,1,-9.897769927978516,0.0,-13.628742218017578,0.0,1.1901195049285889,0.0
2021,1,-7.899382591247559,0.0,-13.346304893493652,0.0,0.8878956437110901,0.0
2021,1,-12.130392074584961,0.0,-16.509000778198242,0.0,1.0693193674087524,0.0
2021,1,-11.955164909362793,0.0,-17.808326721191406,0.0,0.8249598145484924,0.0
2021,1,-13.806458473205566,0.0,-20.962825775146484,0.0,0.6456183195114136,0.0
2021,1,-13.156051635742188,0.0,-18.23164176940918,0.0,0.948361873626709,0.0
2021,1,-10.037922859191895,0.0,-16.692508697509766,0.0,0.7106441855430603,0.0
2021,1,-11.341083526611328,0.0,-17.314525604248047,0.0,0.806972086429596,0.0
2021,1,-12.437715530395508,0.0,-18.565532684326172,0.0,0.7843167781829834,0.0
2021,1,-12.542792320251465,0.0,-17.45477294921875,0.0,0.9758877754211426,0.0
2021,1,-5.862390995025635,0.0,-12.561501502990723,0.0,0.7046728134155273,0.0
2021,1,-14.552964210510254,0.0,-18.474620819091797,0.0,1.153741478919983,0.0
2021,1,-14.553732872009277,0.0,-20.977947235107422,0.0,0.7421749234199524,0.0
2021,1,-13.39550495147705,0.0,-18.02235221862793,0.0,1.0251375436782837,0.0
2021,1,-15.957747459411621,0.0,-21.63711166381836,0.0,0.8514733910560608,0.0
2021,1,-13.41634464263916,1.7134170532226562,-19.864910125732422,1.7169914245605469,0.7387917041778564,0.0004957020291704155
2021,1,-14.131900787353516,0.0,-18.677324295043945,0.0,1.0394971370697021,0.0
2021,1,-10.773323059082031,0.0,-16.594005584716797,0.0,0.8298683166503906,0.0
2021,1,-14.408226013183594,0.0,-19.218181610107422,0.0,0.9933242201805115,0.0
2021,1,-13.378961563110352,0.0,-16.712047576904297,0.0,1.268105149269104,0.0
2021,1,-8.243921279907227,0.14536142349321374,-14.168025970458984,0.7018795013427734,0.8174675703048706,0.08311167359352646
2021,1,-7.7601823806762695,0.0,-12.598706245422363,0.0,0.9884209036827087,0.0
2021,1,-15.42232894897461,1.5158486366272723,-19.79930877685547,1.1907472610477452,1.070634365081787,0.05864840745928932
2021,1,-14.821365356445312,0.008223056807038265,-19.6928653717041,0.36490821838378906,0.9841716885566711,0.06368261575698853
2021,1,-11.677040100097656,0.33446836471591607,-15.925482749938965,0.12598896026611328,1.0949867963790894,0.08418703079223633
2021,1,-18.353012084960938,0.057041168212890625,-21.675458908081055,0.09643173217773438,1.2702412605285645,0.007862389087902932
2021,1,-12.924846649169922,0.0,-18.315553665161133,0.0,0.8968696594238281,0.0
2021,1,-11.293963432312012,0.0,-17.870023727416992,0.0,0.721272349357605,0.0
2021,1,-13.044228553771973,1.6921768188476562,-17.023849487304688,0.4749908447265625,1.1564269065856934,0.22811084985733812
2021,1,-8.317550659179688,0.0,-15.591739654541016,0.0,0.6310645937919617,0.0
2021,1,-15.204645156860352,0.6976985931396484,-18.455129623413086,0.7085990905761719,1.2846360206604004,0.0021886825561523438
2021,1,-11.836813926696777,0.0,-16.224172592163086,0.0,1.0677417516708374,0.0
2021,1,-10.67912483215332,0.0,-17.639328002929688,0.0,0.6704485416412354,0.0
2021,1,-10.006490707397461,0.0,-15.209026336669922,0.0,0.9273760914802551,0.0
2021,1,-13.930038452148438,0.27484560012858744,-18.247440338134766,1.7083368301394264,1.099906325340271,0.25941964983940297
2021,1,-18.062344868977863,0.3646576694476583,-20.996065775553387,0.7139153783359588,1.350000540415446,0.07172275317835672
2021,1,-11.147984504699707,0.0,-17.43346405029297,0.0,0.7616791129112244,0.0
2021,1,-12.403950691223145,0.033400535583496094,-16.082752227783203,0.574734687805967,1.2027919292449951,0.10464215278625488
2021,1,-11.35988998413086,0.5559535026552338,-16.128942489624023,0.9294009208680423,1.0017582178115845,0.06449806690216064
2021,1,-14.944273948669434,1.0157098770141602,-18.562524795532227,0.3289794921875,1.2160799503326416,0.13342601060868642
2021,1,-13.340874989827475,0.9898033072945833,-18.103421529134113,0.6109198388431804,1.002933184305827,0.06469700308400812
2021,1,-12.404279708862305,0.5355219841005541,-17.574935913085938,0.24877548217773438,0.9334468841552734,0.04721730947494507
2021,1,-11.121235847473145,0.035076141357421875,-16.30971908569336,0.4821920394906892,0.9317048192024231,0.07345801591873169
2021,1,-11.366628646850586,0.8759314797782818,-19.499019622802734,1.1945998040339756,0.5376006960868835,0.07334360334044367
2021,1,-14.966910362243652,0.20344829559326172,-19.468677520751953,0.4563207626352739,1.0478734970092773,0.04500859975818766
2021,1,-15.569418589274088,1.5676659682164877,-19.3203125,1.168172641457195,1.187744935353597,0.07599997908708636
2021,1,-12.694833755493164,2.0909127133866474,-18.833009719848633,1.3588281643342979,0.7886419296264648,0.11047363192317296
2021,1,-15.551019668579102,1.452016118709935,-18.322113037109375,0.9647328748255407,1.3993464708328247,0.2864599640768796
2021,1,-10.252513885498047,0.5329017639160156,-16.46251678466797,0.07850360870940598,0.774545431137085,0.06522119045257568
2021,1,-11.274930318196615,0.37431634500443856,-16.464881896972656,0.4081950551917102,0.9300846258799235,0.04096696535843763
2021,1,-10.362977981567383,1.5524949405407509,-15.332323710123697,1.9943788827060451,0.9744491577148438,0.15152965729104936
2021,1,-13.171741485595703,0.6665930082137741,-17.405860900878906,0.7564798781462967,1.0980398654937744,0.09206188937012579
2021,1,-12.441984176635742,1.576944626266842,-18.419429779052734,0.6297821442679257,0.8177850246429443,0.16213077284321217
2021,1,-10.621808052062988,2.1347732543945312,-14.838093757629395,1.671584129333496,1.1008955240249634,0.08496952056884766
2021,1,-13.178500366210937,1.9799984944619458,-18.140447998046874,2.5114205851063174,0.9725417137145996,0.12102901397392055
2021,1,-10.848893483479818,1.123248829770282,-15.924527486165365,0.9108775531796198,0.951688289642334,0.09845420389851563
2021,1,-11.473613739013672,2.0316460128950053,-15.780795288085937,1.7165130767058907,1.091742706298828,0.17946699132577584
2021,1,-18.799776077270508,0.3777122497558594,-21.324260711669922,0.10170269012898306,1.4361307621002197,0.1014869213104248
2021,1,-12.752893447875977,1.4052933951451019,-18.357051849365234,0.6053895121947814,0.8715901374816895,0.13952325634586152
2021,1,-19.02161865234375,0.5328737763614586,-21.527774047851562,0.5466169839972269,1.440859889984131,0.13196392145776129
2021,1,-11.733343124389648,1.814464602935046,-17.637237548828125,1.805101820548297,0.8190122246742249,0.06093843229801607
2021,1,-17.1961669921875,1.5262906874035358,-20.5207763671875,0.27151848341366125,1.2885435104370118,0.2925202642338337
2021,1,-12.193735758463541,1.1032995834889487,-16.776994069417317,1.0209430297317554,1.0329505602518718,0.021250595682498926
2021,1,-11.791511535644531,2.5973637790625035,-14.050772094726563,2.123993827785924,1.4945775985717773,0.15273591167044442
2021,1,-10.908740997314453,0.9061890295075309,-14.958157539367676,0.9373706593138222,1.1306788921356201,0.05890752649129169
2021,1,-11.842367808024088,2.239968403512161,-14.58459218343099,0.8542849068185502,1.4085957209269206,0.3297960422444084
2021,1,-14.06628131866455,3.0770484400592797,-17.879384994506836,1.8613249060493748,1.2011195421218872,0.2971413739845967
2021,1,-12.84136962890625,2.351465481716531,-17.539684295654297,1.5648456397503074,1.0191200971603394,0.1426687489572051
2021,1,-7.3104248046875,0.32878877411512475,-13.039806365966797,0.3013089526241047,0.8444860577583313,0.03972768996229236
2021,1,-12.118883514404297,1.0143929868550805,-16.829644775390626,1.009563740267789,1.0164485931396485,0.13581657293764499
2021,1,-9.942396545410157,1.9102992657374476,-12.880392456054688,1.6610919961644819,1.3496057510375976,0.08751675606102763
2021,1,-10.412655639648438,0.7360225796686239,-14.232855224609375,0.8933014888704031,1.1758852005004883,0.10293255025619152
2021,1,-9.15982666015625,1.7500028781611379,-15.379693603515625,1.5889520195678535,0.7729736328125,0.06183278771210338
2021,1,-10.583476384480795,2.4399538007384947,-15.591051737467447,1.8474248036026666,0.9635959466298422,0.10545028902742684
2021,1,-13.9308443069458,1.9505458834780933,-17.683189392089844,1.4957747059373576,1.189621090888977,0.1211646533944236
2021,1,-8.166106541951498,0.5505552799992971,-14.451182047526041,0.8416188195624754,0.7660378615061442,0.09596938559071494
2021,1,-13.882464599609374,2.4475531362551712,-19.22164306640625,1.6414361421317005,0.929775619506836,0.24618837384629208
2021,1,-9.144809087117514,0.8047413294923204,-18.26531728108724,0.9810996447012594,0.4408719539642334,0.06446831742141798
2021,1,-6.6470292409261065,1.3403678893765156,-15.810582478841146,1.388422743233161,0.4363257090250651,0.06278638128346008
2021,1,-18.283355712890625,0.8797698716240874,-20.262943267822266,0.6792576186929083,1.5546607971191406,0.15633056846025986
2021,1,-11.943719046456474,2.234803633070507,-16.94253213065011,1.344660658420445,0.9773133822849819,0.19480479170563178
2021,1,-10.66915512084961,2.0992399588450494,-15.667470296223959,1.000088273648473,0.9756499926249186,0.21521834022743339
2021,1,-13.981523786272321,1.7188836264749352,-19.36564200265067,1.513742673212077,0.9019761766706195,0.10285636794590075
2021,1,-17.41699727376302,0.6305529847706194,-20.86672846476237,0.2849464463490885,1.2499725023905437,0.15562947492776066
2021,1,-12.246699741908483,2.724627243764177,-16.68408421107701,1.9472187102078684,1.065859113420759,0.1570274370512761
2021,1,-9.947578430175781,1.8526122569552899,-15.323257446289062,1.2280012222553054,0.9066155978611538,0.1345669381174082
2021,1,-10.363399505615234,2.5163438433802487,-14.526348114013672,1.6455338079237718,1.117587725321452,0.18002548486692607
2021,1,-10.229396275111608,1.526087484828435,-16.001668657575333,0.8826655618762327,0.8452578272138324,0.13480288139063987
2021,1,-11.360218048095703,1.6160238701470968,-16.788955688476562,1.6741315070883904,0.8934893012046814,0.08402379525735103
2021,1,-10.46690559387207,2.1583305253701233,-14.207408905029297,1.6391827757026278,1.2015758752822876,0.22233353280346183
2021,1,-9.513566970825195,2.411825045408549,-15.285087585449219,2.3051253152106,0.8434282541275024,0.12321237633056074
2021,1,-10.888145446777344,1.74540378892546,-15.44467290242513,1.3633085866294192,1.0513019561767578,0.20615220760822514
2021,1,-9.23520278930664,1.231821785483937,-14.639642715454102,1.3624401017502281,0.8980158567428589,0.0920852485739697
2021,1,-9.648918151855469,3.2574152203494653,-15.640043258666992,2.7444206075276636,0.8131669163703918,0.1422929754702744
2021,1,-11.901770697699654,3.4212053068306623,-17.37448967827691,2.582453190570284,0.8950583140055338,0.16987718011979627
2021,1,-9.057415432400173,1.4608970960337302,-14.911398993598091,1.5140209085571092,0.840943866305881,0.1924696747211806
2021,1,-12.991884504045759,2.497954344434808,-16.86597442626953,1.8489876524488584,1.172638211931501,0.19979141254583915
2021,1,-10.453177558051216,2.4511992263873594,-16.561937120225693,2.0801367106582953,0.7949647373623319,0.1270348834742507
2021,1,-11.707342147827148,1.6302913375890866,-17.297895431518555,1.078325406325187,0.8735274076461792,0.1424297896448692
2021,1,-13.446909586588541,3.2433339835013246,-18.637613932291668,2.595866907428043,0.9423395792643229,0.18845314017132042
2021,1,-10.247166633605957,2.060182636751714,-15.213695526123047,1.1239597739325713,0.9794763326644897,0.1922185438251149
2021,1,-9.38032254305753,2.1116360336911155,-15.411374178799717,1.5797755055733271,0.8129705082286488,0.17000221422363418
2021,1,-10.458595911661783,2.4889320528455605,-15.813504536946615,1.6526920958925988,0.9128993352254232,0.16874696460197522
2021,1,-8.991388174203726,1.9489554241662297,-15.240386962890625,2.0303716496833,0.7726202011108398,0.10735446930471663
2021,1,-11.587774423452524,3.448312776106364,-15.298095703125,2.6834743488180535,1.2022742491502028,0.19231887051806973
2021,1,-10.458413931039663,2.4795404449935954,-15.551600529597355,2.081798280939934,0.9533289395845853,0.15094629000480667
2021,1,-8.292022705078125,1.6501391229056313,-14.616881306966146,1.3318260797976444,0.7633688608805339,0.1173078790421925
2021,1,-7.357760429382324,0.8133652378371049,-13.484539031982422,0.6117679535845237,0.7895823121070862,0.10538600163955111
2021,1,-9.032127829159007,2.936551958221233,-14.723729750689339,2.3354645019601334,0.8588804918176988,0.14839408646835953
2021,1,-9.181401302939967,1.6059386854724451,-14.386763723273026,1.2854002658816168,0.9360331485145971,0.16362620138194617
2021,1,-9.106757716128701,1.882222536116647,-14.26774035002056,1.5844441546632626,0.9425066897743627,0.14852454297774112
2021,1,-9.703117702318275,3.1057572915879126,-14.777696692425272,2.3122607942104993,0.9718319436778193,0.2587633990601005
2021,1,-9.325879414876303,2.862892841959092,-14.909531911214193,1.9878923257555328,0.8921034336090088,0.2392093839166526
2021,1,-10.961970738002233,2.649160375073792,-15.784868512834821,2.2315675750380084,0.9966961088634673,0.13094767338668875
2021,1,-9.26085090637207,1.5905926975584321,-15.192015329996744,1.8968198699489796,0.8225012620290121,0.13708657877257951
2021,1,-13.286258863366168,3.3123177539442565,-18.04676221764606,2.2010111888245425,1.0197960397471553,0.23879618084657467
2021,1,-8.47550303141276,1.9005371205513926,-14.07271728515625,1.6926752145565584,0.8741392771402995,0.14902785126151755
2021,1,-9.06366177262931,1.6362749533065206,-14.265494511045258,1.1262238820485608,0.9397577088454674,0.18598932239433014
2021,1,-9.14057056323902,2.5776143276297763,-13.98027244774071,2.15974127091432,0.9983187495051203,0.1778912089141686
2021,1,-8.63775634765625,1.9080334168910293,-14.032058303420609,1.9234258633717511,0.9037125046188766,0.13342428432075246
2021,1,-9.453872680664062,2.4133293285880164,-14.62169952392578,1.8003317051231478,0.949330997467041,0.21296682490503258
2021,1,-7.607414694393382,1.0992882662627068,-13.249901865042892,0.9188583849860169,0.8661904428519455,0.14857987818225368
2021,1,-11.004371925636574,3.267020635417703,-15.538178620515046,2.499002390915873,1.0583599938286676,0.23890748408214485
2021,1,-8.685303673377405,1.8103654958763564,-14.372189565805288,1.840181106841849,0.8602515587439904,0.15603103086096046
2021,1,-8.597437207943925,1.5748409310036362,-13.976019458235982,1.4514117853358175,0.9131135316652672,0.18931607835703607
2021,1,-8.647153727213542,1.5489090071887055,-13.993912760416666,1.3885330432196092,0.9325302124023438,0.27628906557158744
2021,1,-8.84046378968254,2.6611400649475483,-14.147285582527282,2.078207344624816,0.9269816080729166,0.20960041222572925
2021,1,-8.42067211254223,1.5914283306826826,-14.019430954391892,1.7194052803794024,0.8783832446948902,0.18699223378229632
2021,1,-7.533694010416666,1.273947249652295,-13.382552083333334,0.9837576656215714,0.8368693033854167,0.16271586901069085
2021,1,-7.678324660209761,1.752483622088709,-13.978983003799229,1.6398720160521258,0.7880188928891535,0.25053597012461964
2021,1,-7.646165054563492,1.2834436001875227,-13.345779596560847,1.110363743061979,0.860282130973049,0.16704279974423478
2021,1,-7.3930552706029715,1.2531427704679403,-13.386432597615757,1.0853473672094154,0.8160886309768055,0.1622104916440942
2021,1,-7.181017825126815,1.1549754728622528,-13.142841525275495,1.0496195750800181,0.8215997791673955,0.16931429710375093
2021,1,-7.456597600624819,1.2009901643454863,-13.483864156495205,1.1079135426285185,0.8121838446309212,0.16812720385597946
2021,1,-7.639451872996795,1.325901555711867,-13.487691556490384,1.2086763329423713,0.8375654171674679,0.16552689983572128
2021,1,-7.606445018526931,1.2120459381382684,-13.429693443600957,1.1448010379096818,0.8433472034459545,0.17699984020704232
2021,1,-7.577674873214016,1.3177597042439388,-13.471538926258003,1.2611614959998259,0.8330584991957354,0.17799716211532843
2021,1,-12.79840087890625,0.0,-18.70781135559082,0.0,0.816511332988739,0.0
2021,1,-14.570734024047852,0.0,-19.601158142089844,0.0,0.9559069871902466,0.0
2021,1,-11.871939659118652,0.0,-19.31113052368164,0.0,0.6111327409744263,0.0
2021,1,-3.531233787536621,0.0,-12.155915260314941,0.0,0.48276248574256897,0.0
2021,1,-15.851731300354004,0.0,-19.641441345214844,0.0,1.1788434982299805,0.0
2021,1,-15.156702041625977,0.0,-19.7835693359375,0.0,1.0251339673995972,0.0
2021,1,-11.199838638305664,0.0,-18.37432098388672,0.0,0.6433629393577576,0.0
2021,1,-11.387479782104492,0.0,-16.200197219848633,0.0,0.9928496479988098,0.0
2021,1,-12.528812408447266,0.1969304084783605,-18.001846313476562,0.7793121337890625,0.8871985673904419,0.09231701493263726
2021,1,-6.47712516784668,0.0,-13.41861629486084,0.0,0.6728566288948059,0.0
2021,1,-9.748011589050293,0.0,-17.516616821289062,0.0,0.5728856921195984,0.0
2021,1,-14.839158058166504,0.3769712448120117,-17.716306686401367,0.7176227569580078,1.3616060018539429,0.07039892673492432
2021,1,-8.780431747436523,0.6734776496888895,-16.40733528137207,1.0711894035340417,0.5905733108520508,0.046017616987238046
2021,1,-7.749395370483398,0.25911736488353254,-14.56983757019043,0.03948783874511719,0.6890785098075867,0.028830528259277344
2021,1,-9.06643295288086,0.27790689468424695,-16.146991729736328,0.24747276306152344,0.655133843421936,0.003838956356048584
2021,1,-9.444486618041992,0.23512119900038553,-14.15417734781901,0.16893742574445972,1.0113952159881592,0.0467723641065208
2021,1,-7.171506881713867,0.9196721837715386,-13.310331344604492,0.8117484357355651,0.7855724096298218,0.07494953063266203
2021,1,-9.720283508300781,1.3237442481267405,-14.94544677734375,1.3918814724350885,0.926876449584961,0.0926360859900098
2021,1,-13.130876541137695,2.2959050527229965,-17.211149215698242,1.9848049511163914,1.1253407001495361,0.07212229681165581
2021,1,-7.942238616943359,1.096070898311251,-14.29837646484375,1.4549534652825857,0.7643020629882813,0.15700214505661886
2021,1,-11.990565490722656,1.8508627842155652,-17.088420104980468,1.5212716890158182,0.951874828338623,0.13802016188074678
2021,1,-9.041227068219866,1.491341177751225,-15.502449035644531,1.5950965372992074,0.7595336096627372,0.2322655942912885
2021,1,-8.495676422119141,1.708700916938252,-15.748933410644531,1.0924436675245521,0.640737247467041,0.10770480817516893
2021,1,-10.835218157087054,2.446147564957643,-17.27048601422991,1.725211742716669,0.7490495954241071,0.13131010237098237
2021,1,-10.780069986979166,2.8840796128744337,-17.21779547797309,1.9253685068705104,0.7848656972249349,0.2935134623158131
2021,1,-11.183165740966796,1.8839190462130462,-15.60144500732422,1.6179912114677613,1.068781852722168,0.1490348595636602
2021,1,-10.265579223632812,1.6635411389804993,-15.586126708984375,1.3830428546488016,0.9164523124694824,0.14503708192341205
2021,1,-9.172093200683594,1.5559720633024154,-14.503598022460938,1.1312927951093004,0.9173622131347656,0.1708361607414258
2021,1,-9.540365219116211,2.6227522716011142,-15.701759338378906,1.7442104078954097,0.800294558207194,0.21158787182637415
2021,1,-9.830922002377717,1.8962880532155266,-15.387159264605978,2.120151897730032,0.8820759317149287,0.16261645042773143
2021,1,-10.423615632233796,2.7259868373617766,-15.680137351707176,2.0845928545030783,0.936208583690502,0.22628477110493952
2021,1,-10.238884819878471,3.22319856247921,-15.936955769856771,2.2477897738444117,0.8743403752644857,0.25655343432739913
2021,1,-8.211056616998487,1.738840896244677,-13.827139577557963,1.4156746013757038,0.8757890270602319,0.18447141343272191
2021,1,-8.152247902199074,1.8617174268400198,-13.99844021267361,1.8103215260010754,0.8433425903320313,0.19640138351642175
2021,1,-7.772020273149025,1.3850953199556693,-13.85255958861958,1.348389910370271,0.8076769166587767,0.18498444220176777
2021,1,-7.87477034883721,1.209066431046884,-13.792869186046511,1.2392473895431029,0.829875363372093,0.17882970553315097
2021,1,-8.207840631430042,1.177863081826835,-13.980521797839506,1.1931613072136078,0.8510931069958848,0.18224070648416268
2021,1,-14.36203384399414,0.0,-18.5354061126709,0.0,1.1067484617233276,0.0
2021,1,-13.129090309143066,0.0,-19.79477310180664,0.0,0.7091521620750427,0.0
2021,1,-16.12721061706543,0.0,-19.53709602355957,0.0,1.2528396844863892,0.0
2021,1,-12.99594783782959,0.0,-18.04159164428711,0.0,0.9533597826957703,0.0
2021,1,-8.834628105163574,0.0,-15.232269287109375,0.0,0.7458806037902832,0.0
2021,1,-11.48237133026123,0.0,-17.038190841674805,0.0,0.870694637298584,0.0
2021,1,-7.911914825439453,0.904528379440339,-11.926494598388672,0.806718349456928,1.136345386505127,0.01832073926935355
2021,1,-12.964763641357422,1.1122932434082031,-16.421371459960938,1.0793199539188782,1.2436110973358154,0.006506383419309883
2021,1,-13.739378611246744,2.885980588837804,-17.38275400797526,1.9510707967424183,1.2148396968841553,0.181589730615642
2021,1,-8.903518676757812,1.4337934933712604,-16.431029001871746,1.5970361112274056,0.6009294191996256,0.019028504608525353
2021,1,-8.64927609761556,1.0892165144239576,-16.069808959960938,1.024319072323234,0.6197593212127686,0.10161007028339578
2021,1,-8.226064682006836,1.1510483208593296,-14.766056060791016,0.5435660859883935,0.749535083770752,0.2133443666888284
2021,1,-11.642396926879883,1.4504912492150828,-17.241788864135742,1.360230001748144,0.864162802696228,0.026277787141958785
2021,1,-9.399443054199219,2.226361307698823,-16.310867309570312,1.1855797985613798,0.6891076564788818,0.1411073810257525
2021,1,-9.97353490193685,1.204572410724404,-16.66131591796875,1.3510008258715784,0.7118259270985922,0.10400618995767562
2021,1,-10.948248545328775,1.0073507959041321,-15.600519816080729,1.3121825169359498,1.0244615872701008,0.11037431904788457
2021,1,-8.798698425292969,2.0229143668001464,-14.192849731445312,2.1610000478128,0.9018739700317383,0.11494495793083516
2021,1,-9.024344608701508,2.273867001948119,-14.354402739426185,1.9128093993739388,0.9155931143925108,0.15362029524827348
2021,1,-9.345394461495536,2.417479068971832,-14.3187255859375,1.871873909133224,0.9743511744907924,0.16718079649772244
2021,1,-9.281332651774088,1.8222219618280637,-14.40869140625,2.0065123077734164,0.9511171181996664,0.175364790005244
2021,1,-8.198381506878397,1.889525305024174,-13.612719991932744,2.1260742244267132,0.90161016713018,0.1555488067432401
2021,1,-8.286168416341146,1.6051127457331504,-14.52121607462565,1.369051146018417,0.7809994220733643,0.15740224602704017
2021,1,-7.903709322562014,1.3983654081143564,-13.483261642752918,1.3464534449376655,0.8770491900611016,0.15704615660084478
2021,1,-12.540929794311523,0.0,-18.44272232055664,0.0,0.8176518082618713,0.0
2021,0,-10.849302733230815,3.6254944746564535,-16.854703289762742,3.5805194307984616,0.817336544490517,0.17990932089273534
2023,1,-6.903524283874493,1.3638861828555136,-13.125531728067436,1.237894385663681,0.7888743066802607,0.19400842550290115
2023,1,-7.037253034312831,1.4675995627805292,-13.233048914035408,1.2912757002165685,0.7930422729113433,0.1974838031548556
2023,1,-6.905184894819969,1.3336163509283314,-13.36695126696729,1.224116207566921,0.7562631260443611,0.19344996639758505
2023,1,-6.9448381817320195,1.3010304021449994,-13.247203172389515,1.2102607227069513,0.7754759895946165,0.18130403634968378
2023,1,-7.535013356472707,1.5732097114234527,-13.531328480382866,1.4265415083938104,0.8243373960505117,0.2119464342306404
2023,1,-7.035120381561498,1.400529250296776,-13.154450151919558,1.2653576903851422,0.8039447544736533,0.19728544547033136
2023,1,-7.484131091757091,1.1906357865407498,-13.596382424328954,1.1181610047475823,0.8043145732200647,0.19356193358897023
2023,1,-7.69681875,1.847319474939609,-14.284010416666666,1.6372082944963215,0.7426501302083334,0.20974582702203165
2023,1,-7.258181660766508,1.3640822422447432,-13.460714239905597,1.2823390526915412,0.7921615865976604,0.19707043190014414
2023,1,-6.93548085098884,1.3051621355446217,-13.241809959336162,1.2380632444748279,0.7775278049457448,0.19441099049368088
2023,1,-7.207387508636573,1.3234589328518431,-13.181152118839245,1.1878904111879252,0.8245317133161562,0.19558086703701788
2023,1,-7.067413053316855,1.2805828813045317,-13.360896186182528,1.1824633930281399,0.7794444583456631,0.19588053866465321
2023,1,-6.9805661729017325,1.2395172351254808,-13.097398400164277,1.1722839191517205,0.802599033004779,0.18778049958766754
2023,1,-6.886062746386334,1.3335417971704653,-13.179042789093298,1.1773658376189928,0.7786364441318988,0.19239230337236302
2023,1,-6.868294315931198,1.456859397193918,-13.022581148716547,1.2906071549974876,0.7992086811077398,0.19831478541053063
2023,1,-6.79529629381259,1.3050308077363963,-13.01202331455651,1.1544045822371765,0.7886469544941435,0.1905911379568272
2023,1,-6.712334452754479,1.3138484506463601,-12.98639254368176,1.22982087850249,0.7809193617947512,0.18989038702251063
2023,1,-6.898971479366987,1.5752728972411338,-13.218098958333334,1.3683391060465715,0.7755588629306891,0.19796368337641376
2023,1,-7.151802030157626,1.2840897455071403,-13.233577180179436,1.1710114238465714,0.8085868881232242,0.19488207661127738
2023,1,-14.342588424682617,0.9938282966614913,-18.859907150268555,1.8294181823730469,1.0512803792953491,0.14834073185921015
2023,1,-17.81110534667969,0.8662353460312507,-20.187648010253906,0.651828377933939,1.4705755233764648,0.1883435773250448
2023,1,-7.256008441631611,1.7273043463516045,-13.744462233323317,2.3661277519146884,0.7464403005746695,0.16584802662147427
2023,1,-9.951891581217447,1.4029928882647076,-15.485710144042969,0.8338440126248148,0.8827337423960367,0.15029932870152166
2023,1,-7.020251571610787,1.3358959565676416,-13.076634532161078,1.1628489806435778,0.8119284404610059,0.19302563980838963
2023,1,-7.3012034098307295,1.3449729858610566,-15.13717269897461,0.773574042940016,0.5801702737808228,0.13921891957147256
2023,1,-9.208456675211588,1.5987518528780928,-14.579163869222006,1.0486465771333076,0.9059154192606608,0.1179437295793252
2023,1,-15.655326843261719,1.1785826623711815,-20.79454294840495,0.8998069543313811,0.9446992874145508,0.13953162447116366
2023,1,-17.67095184326172,0.6244277954101562,-21.6583251953125,1.033392906189405,1.1429097652435303,0.07678580284118652
2023,1,-10.750532150268555,0.0,-15.707941055297852,0.0,0.9681909680366516,0.0
2023,1,-10.135439191545759,2.6775374032029124,-16.217666625976562,1.8287794009463538,0.8045102528163365,0.18004832044250274
2023,1,-12.132013956705729,1.6422591659394548,-18.122212727864582,1.5935426919793734,0.8070135116577148,0.0745410988999124
2023,1,-12.290775299072266,0.0,-17.87636375427246,0.0,0.8660348653793335,0.0
2023,1,-13.031721115112305,2.4113597869873047,-17.59331703186035,1.1537933349609375,1.0520026683807373,0.22190430760383806
2023,1,-11.87116527557373,0.0,-18.011381149291992,0.0,0.7825182676315308,0.0
2023,1,-12.526993560791016,2.3331354358913488,-18.524978637695312,1.9985277907819905,0.812763786315918,0.14765802294148797
2023,1,-7.827112146326013,2.2309512702041876,-14.16046802417652,1.9599704105579725,0.7687332565720016,0.15783415398377826
2023,1,-11.431273460388184,0.0,-18.30828094482422,0.0,0.6812073588371277,0.0
2023,1,-12.70928955078125,2.2510634844743937,-19.623391723632814,1.241533396666198,0.6954668045043946,0.1872999425979161
2023,1,-14.926100730895996,0.0,-20.42279052734375,0.0,0.8800048828125,0.0
2023,1,-14.935708045959473,0.0,-18.990915298461914,0.0,1.1286617517471313,0.0
2023,1,-15.323284149169922,0.0,-20.562294006347656,0.0,0.9214066863059998,0.0
2023,1,-13.603543281555176,0.0,-20.701873779296875,0.0,0.6528862118721008,0.0
2023,1,-8.977648417154947,2.606576517830164,-15.326960245768229,1.5229263566476454,0.7719860871632894,0.20290937104597861
2023,1,-11.707387924194336,2.3274669493736653,-14.846464157104492,1.7454527033930365,1.3109657764434814,0.1404573084506812
2023,1,-8.43402759448902,2.0524151241664925,-14.990531302787161,1.7127343152837815,0.734982155464791,0.14677776393995018
2023,1,-10.734196980794271,0.9985912401230336,-14.875127156575521,1.915017636892241,1.1260037422180176,0.2089975532923695
2023,1,-10.21953010559082,0.2647829055786133,-15.347108840942383,0.16872453689642575,0.9416251182556152,0.07175603508949899
2023,1,-9.62489013671875,1.2898366913610289,-15.29332275390625,1.554972454857042,0.8572044372558594,0.09896781180523004
2023,1,-8.706424713134766,1.7569043636322184,-16.33161163330078,1.3337578773499388,0.5909682512283325,0.04897639155388785
2023,1,-10.962738037109375,2.0495128695420535,-16.87025342668806,1.2728612018927086,0.8271383558000837,0.15453712556811866
2023,1,-8.266780217488607,2.407541272648003,-14.70022710164388,1.7494142027800452,0.7650530338287354,0.21538485122644466
2023,1,-11.652933120727539,0.0,-19.40620231628418,0.0,0.5746211409568787,0.0
2023,1,-8.945646286010742,0.22769927978515625,-16.494470596313477,0.3955669403076172,0.598442792892456,0.019664883613586426
2023,1,-10.676166534423828,0.2662539482120969,-16.037425994873047,1.4535284042361527,0.9158312082290649,0.19080409407615895
2023,1,-9.76504898071289,0.34052805853139345,-15.017522176106771,0.8699291280863951,0.923653761545817,0.10625781691823134
2023,1,-7.785030841827393,2.5335430021193415,-15.220176696777344,1.2304702511375172,0.6331339478492737,0.19274688455885736
2023,1,-8.463669349407327,1.7775449578656652,-14.037750244140625,1.4523708962366333,0.879735880884631,0.164461596653663
2023,1,-9.539475440979004,0.0,-17.03023338317871,0.0,0.6050100922584534,0.0
2023,1,-10.05787722269694,0.976181666290013,-15.111700693766275,1.4493484324446615,0.9568621317545573,0.11488759808136322
2023,1,-8.152547709147136,1.787694514009826,-13.843035888671874,1.7588273868585123,0.8725429534912109,0.23116964549996347
2023,1,-8.771787643432617,0.0,-13.41390609741211,0.0,1.0224590301513672,0.0
2023,1,-9.377401351928711,0.008615493774414062,-17.08950424194336,1.0196371078495672,0.5891424417495728,0.11757263541221996
2023,1,-7.661200523376465,1.1653327941894531,-12.239015579223633,0.5255336761474609,1.037778377532959,0.11287337541581774
2023,1,-12.55499267578125,0.4353189468383789,-17.875835418701172,0.15285491943359375,0.9116207361221313,0.09505030512810221
2023,1,-8.643972778320313,0.9797944312572232,-14.373013305664063,1.6139552312435907,0.8630813598632813,0.20353339038802373
2023,1,-8.369950866699218,1.8520749458133787,-13.718923950195313,1.8482474754448468,0.9096460342407227,0.1231306044138087
2023,1,-16.03915786743164,0.0,-19.17277717590332,0.0,1.308213472366333,0.0
2023,1,-10.934294700622559,0.3774290084838867,-16.019123077392578,0.03437900544535638,0.9480104446411133,0.05708166956902328
2023,1,-8.755472564697266,1.0834820550862516,-14.115048217773438,1.0016634335263395,0.9062374114990235,0.09991250301614223
2023,1,-9.793340301513672,1.6631066817199252,-15.344378662109374,1.570013031112859,0.8770103454589844,0.1184504366794113
2023,1,-13.487750053405762,0.0,-19.377836227416992,0.0,0.8194067478179932,0.0
2023,1,-9.441221449110243,3.0582396663530593,-15.532092624240452,2.448075072475022,0.809406492445204,0.1959501944627649
2023,1,-11.322582244873047,0.2812957763671875,-17.580223083496094,0.7037715911865234,0.7674461007118225,0.060230791568756104
2023,1,-8.849920272827148,0.915581406686627,-12.864143371582031,1.6962004114837208,1.18046236038208,0.4392764273035579
2023,1,-8.78824462890625,2.0690015346330384,-14.819821166992188,1.7737717823659709,0.8026580810546875,0.09545895069104318
2023,1,-12.946782112121582,0.0,-19.063913345336914,0.0,0.7858694791793823,0.0
2023,1,-11.889200210571289,0.0,-16.12703514099121,0.0,1.0949054956436157,0.0
2023,1,-7.068492567124517,1.2064502118182614,-13.422413160891773,1.1784600037450612,0.7704358240440364,0.1927487325090635
2023,1,-8.06336133388643,2.290459273380704,-14.009224050516224,2.033201206526736,0.8371452399059734,0.2229709134950295
2023,1,-15.364226341247559,0.0,-21.133487701416016,0.0,0.8376824259757996,0.0
2023,1,-9.023785909016928,2.89938318746559,-15.538894653320312,1.9957696485652265,0.7624749342600504,0.2782553013270866
2023,1,-9.784893798828126,2.038196718173912,-14.711669921875,1.2724228534937119,0.9927149772644043,0.24217710645002213
2023,1,-12.530770301818848,0.0,-19.21118927001953,0.0,0.7071747779846191,0.0
2023,1,-10.23107005931713,2.9003889487774215,-15.138983832465279,2.424946988099754,0.9898866724084925,0.19315179688604775
2023,1,-8.17557472022804,2.0368583111642415,-14.304657147381757,1.7184411955353864,0.8056967245565878,0.21894932786263244
2023,1,-18.201698303222656,1.0381819464573863,-22.059598286946613,0.5039652846379526,1.1820048491160076,0.243523791583571
2023,1,-18.618680953979492,0.0,-21.20326042175293,0.0,1.421842336654663,0.0
2023,1,-12.327399359809029,2.2921947784477554,-18.525280422634548,1.2211171856721155,0.7879335615370009,0.17404711068056458
2023,1,-9.514650344848633,1.8355549160437414,-17.29050064086914,1.4528980357932733,0.5750563144683838,0.06436622123752815
2023,1,-10.93628215789795,1.6100721619622957,-17.387653350830078,1.8101267179472462,0.7633242607116699,0.23093635682220023
2023,1,-9.95771312713623,1.0797338485717773,-18.13863754272461,0.4902620315561033,0.5309500694274902,0.06225022673607586
2023,1,-8.237554550170898,0.0,-12.509537696838379,0.0,1.0886642932891846,0.0
2023,1,-16.13918113708496,0.0,-20.42055892944336,0.0,1.086951494216919,0.0
2023,1,-14.15180778503418,0.0,-19.58476448059082,0.0,0.8901190757751465,0.0
2023,1,-10.960916519165039,0.0,-14.688566207885742,0.0,1.1907594203948975,0.0
2023,1,-10.850809478759766,2.201719967163763,-17.067839050292967,1.265116166717261,0.7954114437103271,0.21713022887460193
2023,1,-8.388304860968338,2.1823920424624177,-14.444474069695724,2.2666169371737035,0.8016801633332905,0.12256885357247316
2023,1,-13.573709487915039,0.0,-18.455842971801758,0.0,0.9809672832489014,0.0
2023,1,-9.841413497924805,0.6625180244447517,-17.004573822021484,0.41660308837890625,0.645359218120575,0.03062760829925537
2023,1,-14.876246452331543,0.0,-19.852615356445312,0.0,0.96499103307724,0.0
2023,1,-16.273591995239258,0.0,-19.67736053466797,0.0,1.254051923751831,0.0
2023,1,-8.157996437766336,1.975265598437309,-15.493233420632102,1.9117606569131258,0.6326983191750266,0.1178648949952891
2023,1,-13.148902893066406,1.5018403876242281,-19.172657012939453,0.8866876716867196,0.8112306594848633,0.16056091561141925
2023,1,-8.262291541466347,1.688260003373057,-14.224785907451922,1.197130223992577,0.8330065213716947,0.24124936945807635
2023,1,-11.099281311035156,0.8078476983531155,-15.665380859375,1.1945153048403356,1.0444005012512207,0.15689665910048328
2023,1,-7.9098310470581055,1.3653498030853344,-13.875072479248047,1.4914115329895172,0.8232751488685608,0.18128433670975386
2023,1,-8.972504297892252,2.4537809415859093,-14.050704956054688,2.0983883626675297,0.9604619344075521,0.19421514025015377
2023,1,-9.016358693440756,1.4408731911960124,-15.130020141601562,1.2160253320578287,0.7933094501495361,0.1136748768089808
2023,1,-9.884834289550781,0.634429830134959,-14.679512023925781,0.8812715234649817,0.997429084777832,0.0653882114311623
2023,1,-8.158016204833984,1.9969239550837514,-13.0224609375,2.46120779845688,0.9985254287719727,0.2041183222597606
2023,1,-13.912355422973633,0.0,-17.9350643157959,0.0,1.1347341537475586,0.0
2023,1,-9.550293922424316,0.0,-15.858911514282227,0.0,0.7583991289138794,0.0
2023,1,-11.972053527832031,1.8657870885467223,-17.315203857421874,1.643603943512191,0.909079647064209,0.10638979479808336
2023,1,-9.74106174045139,2.951987010005806,-15.433028609664351,2.6393481865522963,0.8753296181007668,0.24187830773001145
2023,1,-14.74409294128418,0.0,-23.09176254272461,0.0,0.5105004906654358,0.0
2023,1,-9.052470207214355,1.7948837733906966,-15.985669136047363,0.9751786188364553,0.6865431070327759,0.13709441263298758
2023,1,-12.610520362854004,1.8355607986450195,-17.804370880126953,1.146565437317291,0.9335967302322388,0.1131030619144479
2023,1,-11.576455858018663,3.044194219773601,-16.537606133355034,2.474665918658325,0.9797032674153646,0.182641215590451
2023,1,-9.279954456147694,2.5224599184970256,-15.940563383556547,2.644352268756691,0.7166599546160016,0.10641105028205358
2023,1,-11.553448486328126,3.1050787184391155,-16.26179656982422,2.3787096229325004,1.017624568939209,0.14120543660850507
2023,1,-11.624222891671318,2.378228538298085,-16.784842354910715,1.7964208178745673,0.9606985364641462,0.2317574214871983
2023,1,-14.209490776062012,0.0,-19.646739959716797,0.0,0.8894352912902832,0.0
2023,1,-13.139801025390625,0.0,-20.274389266967773,0.0,0.6483379006385803,0.0
2023,1,-10.215024948120117,3.106502073745287,-16.277992248535156,2.1742009043343966,0.8119343519210815,0.19008151259014638
2023,1,-6.779211803996407,1.2090268762107308,-13.047145122361922,1.034263437094552,0.7822091682569975,0.187190174509162
2023,1,-7.479601723807199,2.002064722339338,-14.324308122907366,1.4740586550824613,0.7013673782348633,0.16638544462049576
2023,1,-9.466857274373373,0.8110881069216165,-16.30865478515625,0.8550900677604091,0.7109268506368002,0.2259370327191773
2023,1,-9.253862380981445,0.0,-16.049720764160156,0.0,0.6918333172798157,0.0
2023,1,-10.224153518676758,0.0,-15.306096076965332,0.0,0.9473040103912354,0.0
2023,1,-8.169934272766113,0.0,-16.952125549316406,0.0,0.46757733821868896,0.0
2023,1,-17.235679626464844,0.7069902420050378,-22.221599578857422,0.10831260681152344,0.970037579536438,0.13721862435341206
2023,1,-16.666706085205078,0.0,-20.38419532775879,0.0,1.1927170753479004,0.0
2023,1,-14.316535949707031,0.0,-19.767864227294922,0.0,0.887194812297821,0.0
2023,1,-14.686799049377441,0.0,-20.298446655273438,0.0,0.8619702458381653,0.0
2023,1,-11.950759124755859,2.4488448024657403,-18.000399780273437,2.227492713423428,0.7977238655090332,0.06615468888398107
2023,1,-7.430837154388428,0.0,-13.151323318481445,0.0,0.8451443314552307,0.0
2023,1,-16.94357681274414,0.0,-21.41942596435547,0.0,1.0518693923950195,0.0
2023,1,-13.05239977155413,1.1817120836347803,-17.90474373953683,2.1887111725297728,0.9978953770228794,0.18981932113011143
2023,1,-8.89327392578125,2.611983420520776,-14.804533386230469,1.6879663629819628,0.8413255691528321,0.23446496548822293
2023,2,-7.116191346783143,1.323903884340316,-13.317830008821103,1.2457948179150333,0.7921775073449905,0.19474929095414223
2023,2,-7.06639655707196,1.1358832948040074,-13.099846106127124,1.0788088284040327,0.8137738744273716,0.18480823984791703
2023,2,-7.13163946534597,1.2588063384375623,-13.193981573989495,1.1966596069146203,0.8127591380737611,0.2010236399995147
2023,2,-6.966378326905453,1.1878414220719014,-13.102415705666717,1.0926613948426607,0.7976415426435772,0.175249261607739
2023,2,-6.9682222479662235,1.272730553397655,-13.129506809288436,1.1448169330123967,0.7969986918829163,0.18979650793829134
2023,2,-7.215616152050811,1.2953109355127919,-13.197575901056014,1.2118699844868428,0.8233940374387818,0.1967246318639377
2023,2,-7.651134746904952,1.7788945198272044,-13.821253182408148,1.7090197259912516,0.7961617856741713,0.19658690950839489
2023,2,-7.021713687534322,1.4140769021664878,-13.59924492037342,1.3290101926256397,0.7404385897171883,0.19271385446471653
2023,2,-6.709216912116286,1.2608999112159778,-12.792922802907144,1.1633525710690475,0.8084755202854548,0.19528354353184607
2023,2,-7.021920933872089,1.3058073161706212,-13.141180359274975,1.2234987803175383,0.8033509065352158,0.19514107581474457
2023,2,-8.801017125447592,2.040284527940061,-14.366681416829428,1.9960750554286144,0.8867957592010498,0.206319081222151
2023,2,-8.575577445652174,2.028811038087905,-13.737043297809103,1.7568510091408944,0.9577047099237856,0.2532668491384515
2023,2,-8.823769887288412,1.9389066855996582,-16.05029042561849,1.6583596194826038,0.6387724081675211,0.05338353089091653
2023,2,-10.6161527633667,2.043621734410376,-15.947781562805176,1.398552486092051,0.9135024547576904,0.13698845258459053
2023,2,-14.389884948730469,0.0,-18.80071258544922,0.0,1.063517451286316,0.0
2023,2,-13.18908405303955,2.2074874088599037,-17.5494384765625,1.6802223346650316,1.078202247619629,0.1454629116680302
2023,2,-9.936686197916666,1.7116890325751752,-16.382069905598957,1.0293143332361043,0.7561949094136556,0.201885212581245
2023,2,-7.353298187255859,1.8383869317062447,-13.531572977701822,1.6590784436403316,0.7891271909077963,0.15894834805269117
2023,2,-8.872318267822266,1.710052941054829,-14.700291951497396,1.7495119124004637,0.8305916786193848,0.06332099386315944
2023,2,-7.609392099343385,1.61466639378867,-13.206387174732491,1.5341143303249543,0.8809939135837184,0.20652209878916933
2023,2,-9.355671849744073,2.266274359393258,-15.19061068830819,2.3614560921653385,0.8504766266921471,0.23063219783565453
2023,2,-12.349496841430664,0.0,-18.242326736450195,0.0,0.8189949989318848,0.0
2023,2,-9.376697540283203,0.0,-15.73681354522705,0.0,0.7511378526687622,0.0
2023,2,-7.5492963790893555,1.1530073267865406,-13.640279769897461,1.0933080651265406,0.7898527383804321,0.018964250506766655
2023,2,-8.562796456473214,2.185198407388702,-14.513207135881697,2.466517083437006,0.8315649850027902,0.21549717214379024
2023,2,-9.975959014892577,1.4762394148562983,-15.955729675292968,1.9928958878234633,0.8110260009765625,0.10472426461953926
2023,2,-8.808465576171875,1.8358711146501732,-15.050198364257813,0.9640027596434508,0.7810036659240722,0.16809971307206603
2023,2,-14.179073333740234,0.0,-19.61511993408203,0.0,0.8896268010139465,0.0
2023,2,-10.85287857055664,0.5398306846620758,-18.702728271484375,1.277099609375,0.5687707662582397,0.08232471346855703
2023,2,-11.221046447753906,0.2100663185125041,-17.109790802001953,0.0387420654296875,0.8202389478683472,0.03733479976654053
2023,2,-10.638668060302734,0.0,-18.568269729614258,0.0,0.5549296140670776,0.0
2023,2,-9.903165817260742,0.0,-15.052558898925781,0.0,0.93612140417099,0.0
2023,2,-11.555614471435547,0.0,-15.748771667480469,0.0,1.1031053066253662,0.0
2023,2,-13.17641830444336,0.6040063663452406,-17.802059173583984,0.5171254633714378,1.0255005359649658,0.021864797284850915
2023,2,-10.589155197143555,1.2158161101900036,-15.855100631713867,1.4221972663593019,0.921575665473938,0.10596551607380475
2023,2,-12.025866964588994,3.247005247332707,-17.76364931852921,2.332361877103303,0.8697602645210598,0.2496278467947962
2023,2,-12.379998101128471,3.0704861497159093,-17.65631781684028,2.609052214619692,0.9242512385050455,0.14894854888300338
2023,2,-15.626129150390625,1.355532169342125,-21.618167877197266,0.6041650772102254,0.8099532723426819,0.11118179559707642
2023,2,-16.389076232910156,0.0,-19.486289978027344,0.0,1.315604329109192,0.0
2023,2,-7.633128527751646,1.7997784751651753,-13.97022908337253,1.5806972963932402,0.7751658341846484,0.2010465798991012
2023,2,-14.917526245117188,2.1386356353759766,-19.363174438476562,0.30886936187891373,1.0891767740249634,0.32606759667396684
2023,2,-9.604592641194662,0.8155356369963069,-15.401934305826822,1.1636351635965123,0.8423604170481364,0.13304175474555058
2023,2,-10.896563212076822,0.7781121617888185,-16.280001322428387,0.6527634245594504,0.9013950030008951,0.09229864616046339
2023,2,-8.973045349121094,1.6101032142320193,-16.90596923828125,1.4773439539808073,0.5683130741119384,0.1429644870858876
2023,2,-13.544942855834961,3.506007230817496,-17.61663818359375,2.7773847479112157,1.1365392208099365,0.2104837737358663
2023,2,-12.513113021850586,0.1805286407470703,-18.33371353149414,0.06022167206565669,0.8304718732833862,0.03645983338357236
2023,2,-7.679472910847299,1.8206098786803813,-13.507499709031658,1.4397836317961679,0.8512609044932786,0.23134187715981136
2023,2,-12.237826347351074,0.0,-15.723291397094727,0.0,1.2379142045974731,0.0
2023,2,-7.1868705970014455,1.647129723642768,-13.447427915010838,1.4241401780690688,0.7835610450347724,0.19775527408618962
2023,2,-11.90362548828125,2.148637018049998,-19.474339076450892,1.037369860276066,0.6387672424316406,0.28560268042510645
2023,2,-9.324365367060123,2.167760039643028,-15.20673138162364,2.249116667402746,0.8353941544242527,0.18856425232526702
2023,2,-11.850735255650111,1.6524023257448734,-18.23179190499442,0.9336068905008476,0.7575938361031669,0.1412145750411821
2023,2,-13.727834701538086,1.396951675415039,-19.532079696655273,1.2810230255126953,0.832497239112854,0.017595261335398165
2023,2,-7.190727549077058,1.3625735429624413,-13.695987767360094,1.2914727064782696,0.750142850520986,0.19161438948851128
2023,2,-7.773793716876828,1.6217070084583538,-13.530704609831872,1.3694911729419457,0.8561467399374086,0.19785733901873234
2023,2,-6.304112563898534,1.0781116246058682,-13.361190984278549,1.0319396937899978,0.6678631629472898,0.13396730723229516
2023,2,-10.571488380432129,0.0,-17.898441314697266,0.0,0.6246337890625,0.0
2023,2,-16.90054702758789,0.0,-20.88433837890625,0.0,1.142032265663147,0.0
2023,2,-5.190356731414795,0.26668546146404953,-12.451871871948242,0.14974024855599946,0.6341729164123535,0.05056609190384377
2023,2,-15.537166595458984,0.6968928052598121,-20.17076365152995,1.3717585383201893,1.028970718383789,0.12114018527654719
2023,2,-15.832277297973633,0.0,-20.76227569580078,0.0,0.9728298187255859,0.0
2023,2,-10.270133385291466,2.4930188948080683,-15.365088829627403,3.058182299233667,0.9684099784264197,0.24387055539443217
2023,2,-11.84636116027832,1.29350834634274,-17.72942352294922,1.51870045313324,0.8286845088005066,0.14257647625613573
2023,2,-12.740315755208334,1.5703979023911254,-19.65717315673828,1.347378528533247,0.6800115903218588,0.08408914761773101
2023,2,-13.413999557495117,0.0,-18.497194290161133,0.0,0.9470952749252319,0.0
2023,2,-8.384390513102213,2.0533342755095307,-17.29822285970052,2.0472689964810833,0.4552220900853475,0.0041072762300347
2023,2,-7.393847465515137,0.0,-13.751640319824219,0.0,0.751464307308197,0.0
2023,2,-13.930440266927084,3.308416912973435,-18.89129130045573,1.6681663202409445,1.0051369667053223,0.3417657253012785
2023,2,-14.366005897521973,0.0,-19.5600528717041,0.0,0.9287693500518799,0.0
2023,2,-12.193805694580078,0.7999676546849682,-16.50979995727539,0.5927600108125302,1.083492120107015,0.09924595679004779
2023,0,-6.93020537405303,1.1529110577932957,-13.032405352351642,1.1024234205529755,0.8035164264717487,0.18301740603199113
2023,0,-6.728382766470273,1.1866356790044144,-12.958226976767541,1.1458555706867204,0.7865970327564275,0.18875171336884575
2023,0,-6.868422595123258,1.2387668469223,-12.98194249062165,1.0789836908986041,0.8029751138799571,0.19017724542583742
2023,0,-7.8107526506696425,2.8394631954851683,-14.176199776785714,2.3826105067901677,0.7707994006928943,0.20809297705043198
2023,0,-7.241522862282463,1.9479379066146247,-13.40568733266399,1.6616180361640465,0.7965598069360776,0.19558042072706577
2023,0,-9.233558675173704,1.7602381783629166,-15.083653460716194,1.5398596362431696,0.8481507946118386,0.2251177322186102
2023,0,-6.862888743477388,1.4133950872249141,-13.324906551043618,1.2492771923210215,0.7549502337269199,0.18743983364291325
2023,0,-6.802576139297061,1.217317207841664,-13.139945517275615,1.2692107104401658,0.7716899262807784,0.18968797601609194
2023,0,-7.556793103171546,1.2684648606608064,-13.435662236774524,1.2001734856186468,0.839257536634887,0.20357701433181233
2025,1,-7.5399458964784385,1.2184036770432065,-13.485903787548539,1.108971565190752,0.8246693282162852,0.17303320480948584
2025,2,-7.625332452732684,1.079577609874637,-13.337807616230377,1.0115155343503222,0.8590245185282535,0.17116424668497573
2025,2,-7.978300361223118,1.4800601065712584,-13.707689642137098,1.217711728565214,0.8598808042464717,0.19345723226483752
2025,2,-7.628655521960062,1.3541373620282755,-13.461653467847379,1.2889608834791224,0.8477281021558897,0.21242586478335831
2025,3,-7.646836773700306,1.3356446611069115,-13.371625334480122,1.1490066502733476,0.8584305416188838,0.18128868819112406
2025,2,-7.5165395406187825,1.1126218942460082,-13.325525083691728,1.0679166721383164,0.8445441034560812,0.17057239551714512
2025,2,-7.639638694772654,1.271707984890336,-13.619689899314974,1.1585142945731888,0.8201575143096869,0.1734503699300626
2025,2,-7.366362132896422,1.1850814574071553,-13.283373472454914,1.1000770583034936,0.8280767830085247,0.16748962326680408
2025,2,-7.710747870830376,1.179685184829411,-13.428488289567069,1.158606796632216,0.8601654542228531,0.18187747432201215
2025,3,-7.829111600587371,1.1797318870177864,-13.525922575344381,1.1073507588478526,0.8622079258006433,0.17834571255465512
2025,1,-7.94502748313129,1.1110487990321178,-13.301304823307412,1.016373328500758,0.9147509184869624,0.17833306397532595
2025,1,-7.670163885578069,1.149921263380594,-13.485902860548272,1.0559120959135844,0.8433828404350417,0.17106118097651693
2025,3,-7.615335097433523,1.1830690883594697,-13.496984412416655,1.1453975939995689,0.8348317613702118,0.17690155768360688
2025,1,-7.804414214325375,1.353640447309048,-13.55795969831575,1.1940930669802856,0.8520410210473348,0.1664870781250109
2025,1,-7.941269637014892,1.1133344248615888,-13.651633362477437,1.150913487688477,0.8606474838532265,0.17958561320673677
2025,1,-7.8971006808795625,1.1280609693707289,-13.826635575957138,1.1755638992121296,0.8283515638080422,0.18187757499888904
2025,2,-8.131864747827152,1.2122061248056535,-13.700969365895459,1.1589132385897822,0.8830156068291712,0.18710845788241004
2025,2,-7.980115982929515,1.158827859544597,-13.586141846778634,0.9826909564641622,0.8718779307630093,0.14840297117597773
2025,2,-7.5617460735103625,1.1778165279822097,-13.323357300437177,1.1335716611825593,0.8501535524358403,0.16381210098392826
2025,2,-7.828121846301342,1.0814785427045734,-13.404617960944595,1.0284703292054425,0.8797827811206984,0.1736023695554259
2025,1,-7.857554815156913,1.1360370208812915,-13.769335125684503,1.066418611438428,0.8295491563304084,0.17274372820040582
2025,2,-7.59502438886053,1.108043229522807,-13.436561489705632,1.0776993568719875,0.8399291043651806,0.1727420401475821
2025,3,-7.9659589565251085,1.142373686160205,-13.609591744807812,1.107917349655077,0.8706195450538593,0.17953506588977994
2025,2,-7.893255784240847,1.0923869468992096,-13.705233111875117,1.0318103164560488,0.8434943805461346,0.16798739547511843
2025,1,-7.712937257079401,1.1432341442496035,-13.439200444197668,1.0875658870845288,0.8567219040497215,0.17035415741645554
2025,2,-7.956899170540997,1.1137779023688728,-13.65908640638208,1.0830918372133835,0.8617534621328191,0.17751849565869524
2025,1,-7.815541834677419,1.3930837064404724,-13.644727822580645,1.3623285804211274,0.8403734564012096,0.16348801555957912
2025,1,-13.668909072875977,1.5583596229553953,-17.401111602783203,1.349228858948091,1.1902756690979004,0.040249526500746036
2025,1,-8.2862302339994,1.9644804615581297,-14.71435312124399,1.6837003540721949,0.7511068490835336,0.1362844379913057
2025,1,-8.730357267418686,1.1069144170659997,-14.00935208067602,1.0147856550486447,0.9275748583735252,0.18797157059398995
2025,1,-7.728419582902893,1.2728290867540046,-13.154374354338843,1.1102696215393588,0.9051145443246384,0.1889048876543372
2025,1,-11.15004136827257,1.7206051547987533,-14.95229763454861,1.672622049717956,1.1848084131876628,0.1844387387252052
2025,1,-9.281000137329102,0.0,-13.575952529907227,0.0,1.084478735923767,0.0
2025,1,-8.909415409482758,1.1661023517333624,-13.78267611799569,1.282828052328049,0.9934044147359914,0.18079222179901785
2025,1,-12.96633529663086,0.0,-15.99246597290039,0.0,1.3300949335098267,0.0
2025,1,-8.439338684082031,0.0,-12.881650924682617,0.0,1.0578670501708984,0.0
2025,1,-5.0722832679748535,0.0,-11.901422500610352,0.0,0.6874596476554871,0.0
2025,1,-7.943429213303786,0.7416989171300205,-12.717546903170073,0.6377597013946525,1.0069426756638746,0.14239432290725074
2025,1,-8.147703806559244,1.212883788998146,-14.797655741373697,1.5930857060674701,0.7191597620646158,0.11688281959549796
2025,1,-8.396641811477803,1.3995770557693936,-14.276679778767523,1.357885208032581,0.8305368869104118,0.14646710098047902
2025,1,-10.038982391357422,0.638923168182551,-15.759994506835938,0.14947748184280157,0.8475051522254944,0.07511734962463379
2025,1,-13.781027793884277,2.581198145317346,-17.386608123779297,1.6736995467294293,1.2222352027893066,0.17948447438373025
2025,1,-9.25359623015873,2.6562873177531636,-14.321864536830358,2.1505137635724556,0.9616647145104786,0.18628255612398434
2025,1,-18.606895446777344,0.6244642717960128,-20.7379150390625,0.896296759002842,1.5203909873962402,0.11081363024517901
2025,1,-10.05847454071045,0.0,-15.991596221923828,0.0,0.8129692673683167,0.0
2025,1,-17.970083236694336,0.0,-21.01820945739746,0.0,1.325602412223816,0.0
2025,1,-10.670186360677084,1.4847721875466589,-14.885852813720703,1.0351741364412035,1.1019316514333088,0.10230210342288551
2025,1,-13.76218032836914,1.0691677668329853,-18.41775131225586,1.0852706239034844,1.021024227142334,0.052560158281244
2025,1,-19.46736297607422,0.55549750134731,-20.59736785888672,0.13632945062796717,1.742583656311035,0.1415945075888696
2025,1,-9.949363708496094,1.206317424774264,-15.648492813110352,0.290658473968897,0.8710653781890869,0.23038578033447266
2025,1,-10.700618743896484,2.07524233925618,-16.061996459960938,1.174319298501319,0.9162577390670776,0.18246521027676074
2025,1,-13.303016662597656,0.0,-18.316133499145508,0.0,0.9588087797164917,0.0
2025,1,-7.472724066840278,2.1508831640409514,-13.67251247829861,1.5185046884272497,0.7852756712171767,0.158468743199353
2025,1,-19.033388137817383,0.0,-20.776262283325195,0.0,1.6039891242980957,0.0
2025,1,-11.917120797293526,2.75264767602082,-16.472000122070312,2.0770431287915927,1.0486839839390345,0.19765081171036952
2025,1,-11.50963897705078,2.0219125120308736,-15.041227722167969,1.2844020607072881,1.238243865966797,0.20279017729264312
2025,1,-8.206476211547852,1.3019410332077759,-14.59762191772461,0.870608040783555,0.7552280426025391,0.1220406712288414
2025,1,-18.23198699951172,0.0,-20.84166717529297,0.0,1.416550636291504,0.0
2025,1,-7.324514389038086,0.8806754340184735,-15.4142697652181,0.8553458759911101,0.5407750209172567,0.06444094112974519
2025,1,-10.349949306911892,2.4889148532879037,-15.288626776801216,2.0059157308053672,0.9763236575656467,0.11753011055718218
2025,1,-8.050483703613281,0.0,-15.256505012512207,0.0,0.6394519805908203,0.0
2025,1,-10.40805180867513,1.79727455001019,-15.440778096516928,1.9861429376042128,0.9590476353963217,0.0972402781552526
2025,1,-15.631088256835938,0.0,-18.649852752685547,0.0,1.331601619720459,0.0
2025,1,-11.088353157043457,0.0,-16.990476608276367,0.0,0.8176023960113525,0.0
2025,1,-9.446319580078125,1.9867132773680862,-14.086849814967104,1.1419100567653628,1.04587123268529,0.3102309915129764
2025,1,-12.26409912109375,1.5567340850830078,-17.51358413696289,1.08873653411907,0.9219157695770264,0.07631054520607576
2025,1,-9.622835242229959,3.225676360144387,-15.272365404211957,2.2341545257463284,0.870669821034307,0.19086930640904612
2025,1,-14.055938720703125,0.0,-18.67097282409668,0.0,1.0272128582000732,0.0
2025,1,-10.942448933919271,2.546422867841033,-16.743493398030598,1.7028283099360104,0.8404194513956705,0.13643356739168344
2025,1,-12.20077896118164,0.0,-16.03740882873535,0.0,1.1698812246322632,0.0
2025,1,-11.37091064453125,2.8977481538758334,-15.707035064697266,1.9527149425281543,1.090653657913208,0.22092888200042907
2025,1,-11.59695053100586,0.0,-16.516260147094727,0.0,0.9746431112289429,0.0
2025,1,-10.875341415405273,1.3857016563416347,-15.55426025390625,1.1397285461425781,1.0166208744049072,0.04292520880700192
2025,1,-8.155118075284092,1.851788509490398,-14.332210193980824,1.6030239389920786,0.7911063107577238,0.1691208740660789
2025,1,-5.876814842224121,0.0,-14.010820388793945,0.0,0.5328149795532227,0.0
2025,1,-10.530139923095703,0.0,-16.717754364013672,0.0,0.775671660900116,0.0
2025,1,-10.631237030029297,0.0,-17.28296661376953,0.0,0.711028516292572,0.0
2025,1,-7.603401159912883,1.239889538327973,-13.260834997030095,1.135518305150363,0.8654494481957827,0.158864275864313
2025,1,-11.011710166931152,2.32328440650561,-17.328487396240234,0.9583727836525185,0.7879661321640015,0.28316560372853194
2025,1,-10.448256356375557,1.7763819546547583,-15.581134251185826,1.3010792602407657,0.9449783052716937,0.12972756893134435
2025,1,-9.665875948392427,3.2176491688447126,-15.487525353064903,2.259778701265543,0.8480832026554987,0.20066559258890052
2025,1,-13.194579124450684,0.0,-17.433307647705078,0.0,1.0947420597076416,0.0
2025,1,-9.288903629078584,2.5963126081747063,-14.484011481789981,2.134415640602089,0.935612678527832,0.14626713421014192
2025,1,-9.266034356478986,2.4428940230342078,-14.073646282327585,1.4149764136680723,1.012597182701374,0.2414633038896281
2025,1,-8.715097427368164,0.0,-12.920432090759277,0.0,1.100866675376892,0.0
2025,1,-12.43095874786377,0.0,-18.88610076904297,0.0,0.7378799915313721,0.0
2025,1,-9.112918853759766,2.2178442170924737,-14.170005798339844,1.8248634672813917,0.9578807353973389,0.13308832844839233
2025,1,-9.786177062988282,2.654232314499159,-14.3955810546875,1.8344179174850004,1.0385749816894532,0.18320638737860706
2025,1,-9.13941764831543,2.412094720229565,-15.075379689534506,1.5030364571433392,0.8362821737925211,0.24570917436694228
2025,1,-13.073836326599121,1.4958410263061523,-15.785429000854492,0.3492755889892578,1.4046355485916138,0.2388533353805542
2025,1,-10.534239451090494,0.35409734653082386,-16.102076212565105,0.9405669539555982,0.8731306393941244,0.09896019058100806
2025,1,-13.41961669921875,1.7658586502075195,-18.85805892944336,0.8739051818847656,0.8973151445388794,0.14199319481849984
2025,1,-12.13332748413086,0.0,-18.182823181152344,0.0,0.7957503795623779,0.0
2025,1,-11.22348690032959,0.06861209869384766,-15.378137588500977,0.30533170700110474,1.1107326745986938,0.04371345043182373
2025,1,-7.596527837767796,1.2160104006650128,-13.60138702919834,0.9938695650836213,0.8138182243974602,0.15946210720012266
2025,1,-9.961792627970377,2.2138434521378856,-14.88467025756836,1.5982082916568674,0.9920008182525635,0.21015335638011062
2025,1,-10.883193969726562,1.8611650466918945,-15.078957557678223,1.2733392715454102,1.1059014797210693,0.1080374121666119
2025,1,-14.883035659790039,0.0,-19.058547973632812,0.0,1.1063543558120728,0.0
2025,1,-16.533592224121094,0.0,-19.305606842041016,0.0,1.3825417757034302,0.0
2025,1,-10.855470275878906,2.267184194531585,-15.255633544921874,1.5918151763634085,1.0760514259338378,0.1842773164681294
2025,1,-9.711280822753906,2.2826998639012297,-15.843141555786133,2.1663151188409473,0.7923411130905151,0.12774435603124726
2025,1,-12.960558210100446,3.1757968481988255,-17.04067884172712,1.4234830199311883,1.1563399178641183,0.3366271022722619
2025,1,-9.267502243454391,2.394623286715943,-14.2115478515625,1.810686566103356,0.9834888561351879,0.20116946811061567
2025,1,-14.908920288085938,0.5919702674092118,-18.416162490844727,1.0336486359011432,1.2368781566619873,0.12369557546237545
2025,1,-8.819188298405829,2.419510029332295,-14.096445444467905,2.2844968264398555,0.92773860209697,0.17961061282620733
2025,1,-14.77117919921875,2.7945395468169396,-18.895535278320313,1.2567283913478597,1.1405755996704101,0.3238848394709361
2025,1,-12.303693771362305,2.5167405908362226,-17.265932083129883,2.1460758804968956,0.978649377822876,0.17365136443609774
2025,1,-9.034634399414063,2.1485618143283514,-13.789016723632812,1.453323416442681,1.0284435272216796,0.29353526467395846
2025,1,-13.623538970947266,0.0,-18.817161560058594,0.0,0.928838849067688,0.0
2025,1,-16.22454071044922,0.8726162910462728,-18.950416564941406,0.3578910827636719,1.3941019773483276,0.1074819564819336
2025,1,-14.21237850189209,0.0,-18.395912170410156,0.0,1.1048765182495117,0.0
2025,1,-11.163526916503907,2.424693463462762,-16.05972900390625,0.8513700506487248,1.0160181045532226,0.3201225130104577
2025,1,-12.461563110351562,1.4615935562409132,-16.7158203125,1.1277272623649783,1.097166379292806,0.13135270098538576
2025,1,-11.524653434753418,0.0,-16.9875545501709,0.0,0.8853567838668823,0.0
2025,1,-10.341464451381139,2.795077010860355,-15.331920078822545,1.9591477206672256,0.9712272371564593,0.1566205257749637
2025,1,-13.622130076090494,1.6741065679404965,-18.085617065429688,1.1630913664692382,1.0631764729817708,0.17480130248621326
2025,1,-11.542732238769531,1.428528432363287,-17.115651448567707,1.0443282719171085,0.8751306533813477,0.13454105957347195
2025,1,-13.85024642944336,0.0,-18.716642379760742,0.0,0.983652651309967,0.0
2025,1,-11.112650871276855,0.0,-17.92251968383789,0.0,0.6899895668029785,0.0
2025,1,-9.210211753845215,0.9711370468139648,-15.240662574768066,0.09606075286865234,0.806318998336792,0.12881520390510903
2025,1,-13.791511535644531,0.7162526970385393,-16.477559407552082,1.4862935946448494,1.4119749069213867,0.2673962234156104
2025,1,-13.448731422424316,2.055924415588379,-17.73521614074707,0.8661975860595703,1.0994712114334106,0.21622586250305176
2025,1,-7.547501302083333,1.1617279548845005,-13.458979166666667,0.9733891910510265,0.82783349609375,0.160046637652878
2025,1,-8.834041595458984,1.0871423497468267,-15.368446350097656,1.6211710591392483,0.7300803065299988,0.07579569962502289
2025,2,-10.727505275181361,1.7002354193606872,-16.168363298688615,1.7657624709118211,0.89643737248012,0.13947060940813272
2025,2,-9.492809154369214,2.5613097100553035,-15.011050754123264,2.114875743280361,0.8857220543755425,0.15107913568539333
2025,1,-10.325278282165527,1.1939058303833008,-16.88768196105957,1.4370250701904297,0.7237257957458496,0.03316488862038998
2025,1,-10.49325670514788,1.3259462048861226,-14.781290326799665,1.0990741390079066,1.0911228997366769,0.14147761581418103
2025,2,-12.950580596923828,2.540455921786583,-17.868995666503906,1.74412367940312,0.9824415445327759,0.14928844502781322
2025,2,-9.346672058105469,2.523281918256576,-14.932318369547525,2.3097956613911754,0.8767151832580566,0.15611121773696623
2025,2,-12.231001959906685,3.1109217236268027,-16.374094645182293,2.4065506522809725,1.1224176618787978,0.17965171905318122
2025,1,-11.306017557779947,2.08927573113324,-16.056934356689453,1.117826674009566,1.021156946818034,0.2334264839111106
2025,1,-13.462600708007812,0.0,-16.77631378173828,0.0,1.2719719409942627,0.0
2025,1,-12.08139419555664,0.0,-16.516845703125,0.0,1.0590968132019043,0.0
2025,1,-9.556417465209961,0.0,-15.993242263793945,0.0,0.74042147397995,0.0
2025,2,-7.778395706254552,1.57541067035723,-13.467757078477787,1.3022454953876328,0.8634230578284323,0.17975031133234431
2025,1,-8.919783592224121,0.0,-17.057079315185547,0.0,0.5324652194976807,0.0
2025,1,-13.331413269042969,0.0,-17.19300079345703,0.0,1.1651301383972168,0.0
2025,1,-8.477212524414062,2.2396768646544465,-14.794758605957032,1.049839095079807,0.7720226764678955,0.17734005736608977
2025,1,-9.304267883300781,1.5318365701466057,-14.476486206054688,1.2032753968041106,0.9453256607055665,0.19441492451175238
2025,2,-8.175193277994792,1.8564624826950182,-13.420939127604166,1.4917816655396645,0.9360799789428711,0.20531685953267795
2025,2,-9.866324742635092,1.8164263043596092,-16.19775644938151,1.1625634346990854,0.7605504194895426,0.10648077675238826
2025,1,-9.878584543863932,2.495476471025832,-14.34619140625,2.052613425346143,1.0645623207092285,0.19490196368612564
2025,1,-8.828140258789062,0.9965119865040903,-14.638317108154297,0.9953932153605771,0.8358325958251953,0.10081513714421372
2025,2,-6.870412349700928,0.0,-13.864802360534668,0.0,0.6660669445991516,0.0
2025,2,-8.785608673095703,0.8053509507821629,-14.1420654296875,1.5799305038033316,0.9333464622497558,0.26973208222447864
2025,1,-12.755444526672363,1.764509213109309,-17.819326400756836,1.3511780849465305,0.9547250270843506,0.11080615994335927
2025,2,-10.431171417236328,2.72942620354681,-14.933069229125977,2.6133843139109016,1.0574768781661987,0.18027584925886275
2025,1,-11.705130577087402,2.7441279639114438,-17.25682258605957,2.5614038152449026,0.8876640796661377,0.19613062851157312
2025,1,-16.50984001159668,0.0,-19.92913055419922,0.0,1.2509770393371582,0.0
2025,2,-15.681344032287598,0.0,-17.996610641479492,0.0,1.4791674613952637,0.0
2025,2,-9.174951553344727,0.09867191314697266,-15.462165832519531,0.21975660324148413,0.762458324432373,0.045204430818567565
2025,1,-12.489722115652901,2.2437125591674367,-16.340977260044642,1.7472437664540403,1.1704180581229073,0.11507910863501734
2025,1,-9.637646357218424,1.8795223932578846,-15.132511138916016,1.0724043815270874,0.9000897407531738,0.22053636878087718
2025,1,-12.020185089111328,2.3264223817116343,-16.58411407470703,1.9584932397639219,1.0405189514160156,0.11401738452986743
2025,2,-13.959920883178711,0.0,-19.581472396850586,0.0,0.8604289889335632,0.0
2025,2,-11.925615310668945,1.3776739581489845,-17.781360626220703,1.4717084639138749,0.8377135992050171,0.15843328741768728
2025,2,-8.339705617804276,1.8874439953512363,-14.291775887472587,1.5086634916497137,0.8323148760879249,0.23657105835220174
2025,2,-16.656187057495117,0.0,-20.084930419921875,0.0,1.249106526374817,0.0
2025,1,-13.863224983215332,0.0,-20.45476531982422,0.0,0.7191675305366516,0.0
2025,1,-19.878551483154297,0.22448253631794374,-20.29990577697754,0.254302978515625,1.9033492803573608,0.10987484455108643
2025,1,-13.968672752380371,2.0645821848872736,-19.66272735595703,1.4774284786631866,0.8613590598106384,0.17496764543898052
2025,1,-16.626327514648438,0.0,-19.795440673828125,0.0,1.3010289669036865,0.0
2025,1,-12.199763298034668,0.0,-16.64505958557129,0.0,1.0573323965072632,0.0
2025,1,-10.649285316467285,0.0,-17.451993942260742,0.0,0.6909312605857849,0.0
2025,1,-18.500885009765625,0.0,-20.275671005249023,0.0,1.5969340801239014,0.0
2025,1,-10.263084411621094,2.0560604549657486,-15.64503173828125,2.1350783542472462,0.9028087615966797,0.10645191987080468
2025,2,-8.225717080605996,2.037350491733698,-14.492715371621621,1.3506632037182815,0.7772618886586782,0.1645991387851477
2025,2,-7.311321163366337,1.2077572086447992,-13.4525,1.120346643104855,0.7973431698638613,0.1761740899039648
2025,1,-17.033639907836914,0.0,-21.147686004638672,0.0,1.1177173852920532,0.0
2025,1,-10.870567321777344,2.457139751691922,-15.809827168782553,1.997056226783186,0.9751488367716471,0.10739657132301532
2025,1,-9.547781808035714,1.773009306278491,-15.272294180733818,1.467803035255122,0.8502424785069057,0.11391461416966438
2025,2,-13.554204305013021,1.5969590909702416,-18.929608662923176,1.0664221998786738,0.9024991989135742,0.09063694116649998
2025,2,-12.184883117675781,0.0,-17.207353591918945,0.0,0.9572398066520691,0.0
2025,1,-8.465263034986412,1.7697622459636912,-13.057994013247283,1.4108397857246222,1.0416307863981829,0.1799888720158512
2025,2,-14.141490936279297,1.1318955421448758,-18.26805305480957,0.6825637817382812,1.117299199104309,0.0831913948059082
2025,1,-13.973592758178711,0.0,-18.220529556274414,0.0,1.0932399034500122,0.0
2025,3,-9.847881952921549,2.731352763672888,-16.795935312906902,1.5238651050288756,0.6865479151407877,0.166347603825607
2025,2,-16.469356536865234,0.0,-20.1729736328125,0.0,1.1953927278518677,0.0
2025,3,-13.00280475616455,0.0,-18.545509338378906,0.0,0.8727536797523499,0.0
2025,3,-13.533825874328613,1.466792106628418,-14.888152122497559,0.6537332534790039,1.6932885646820068,0.1822411417961218
2025,2,-15.968245506286621,0.0,-19.13362693786621,0.0,1.3017830848693848,0.0
2025,1,-8.616718292236328,0.5396193577514793,-14.476961135864258,0.5418971262707453,0.8266245126724243,0.07977256269699479
2025,3,-11.177846272786459,1.2015883908513483,-17.1145757039388,0.5134549114692694,0.8176329930623373,0.10620727888405126
2025,3,-13.000179290771484,0.0,-19.640819549560547,0.0,0.7125226855278015,0.0
2025,3,-15.648538589477539,0.9626121520996094,-19.28144073486328,0.5576639175423194,1.2105326652526855,0.07863056659698486
2025,3,-11.129538102583451,2.0091546545659393,-15.190073186700994,2.033823162579873,1.1385985287753018,0.19738804098841506
2025,3,-18.85623550415039,0.0,-20.55631446838379,0.0,1.613465666770935,0.0
2025,3,-11.948782920837402,2.9628136496271806,-15.399673461914062,1.9076966534660311,1.259287714958191,0.2512054057894588
2025,2,-12.796365737915039,2.3431019783020504,-18.785335540771484,1.2431402206424556,0.8169325590133667,0.1628631651401547
2025,2,-12.265138626098633,0.0,-20.121944427490234,0.0,0.5629894733428955,0.0
2025,2,-8.900306008078836,1.8466732898936862,-14.36773681640625,1.5611355553473174,0.8923186388882723,0.14237238992531237
2025,1,-11.009488423665365,1.5298264904939167,-16.790775299072266,1.5468554097616487,0.8358621597290039,0.005236831705647742
2025,3,-16.237873077392578,0.0,-20.630590438842773,0.0,1.066776156425476,0.0
2025,1,-11.091730117797852,1.8535493861819679,-15.723833084106445,1.8388860197891885,1.028869390487671,0.12649104270307598
2025,3,-10.541631698608398,2.4064420921828837,-16.96420160929362,1.5755402383727832,0.7582612037658691,0.185628390387845
2025,3,-10.2296875,2.4676045032968297,-15.820059204101563,1.9022738055805202,0.874964714050293,0.14673414543022523
2025,3,-11.245423889160156,2.195535805697765,-16.8531982421875,0.6366223835474559,0.8923933029174804,0.2859430401207633
2025,1,-7.379110941072789,2.011845650546545,-14.508930485423019,1.749837720285127,0.6696617777754621,0.18264982799351215
2025,2,-9.09336460658482,2.523465601812325,-14.272933523995535,1.8789549900775269,0.9485706874302455,0.2257858625620533
2025,3,-16.47252655029297,0.0,-19.166950225830078,0.0,1.3987491130828857,0.0
2025,2,-10.932198842366537,1.5972462865197734,-15.923006693522135,1.0121856480606908,0.9690036773681641,0.13920598570365303
2025,2,-8.015877432193395,1.6169068368525827,-13.530833579009434,1.40372957265779,0.8981155107606132,0.22541157050056537
2025,2,-12.035974502563477,0.7947940826416016,-14.61585807800293,0.474951267242671,1.4235506057739258,0.06749027967455636
2025,1,-8.224880412473517,1.52930203625529,-13.802560579978813,1.3044205961526485,0.8808591163764565,0.18490037796876688
2025,3,-13.232732772827148,0.0,-19.886171340942383,0.0,0.7107987403869629,0.0
2025,3,-12.276305198669434,0.0,-16.67727279663086,0.0,1.065291166305542,0.0
2025,2,-12.063615798950195,0.0,-18.062990188598633,0.0,0.8031324148178101,0.0
2025,2,-8.81640467150458,2.1374207833387344,-14.470163279566272,1.6143119380177584,0.877441537791285,0.2564122467880885
2025,2,-11.114226341247559,0.0,-16.68520164489746,0.0,0.8683202862739563,0.0
2025,2,-10.546676635742188,0.7672205819175275,-16.3701904296875,1.8915079837682462,0.8439737319946289,0.1754013247496845
2025,2,-9.647197723388672,1.4555352942270752,-16.454078674316406,0.9453221171433247,0.6963953971862793,0.10125505502678271
2025,1,-9.606434413364955,1.9230683749218742,-14.77143060593378,1.6257933829633737,0.9401572091238839,0.13500474916936753
2025,3,-11.973459879557291,1.3208811071259354,-16.2164789835612,1.6755027143832688,1.0990591049194336,0.13047252377686763
2025,2,-9.974308013916016,0.8898411953510473,-14.78207778930664,1.2237562348182622,0.9966147740681967,0.09340814064633818
2025,1,-9.607569580078126,2.2344147450070495,-13.850517578125,1.727198580886976,1.1020574951171875,0.1697293303994456
2025,1,-8.760039358428031,1.7635640878294525,-14.413465711805555,1.589385667118403,0.872270526308002,0.19872305571489562
2025,1,-9.491389881480824,1.6012848275051499,-15.869515158913352,1.1225901752706606,0.7558574676513672,0.12083775569870273
2025,1,-14.507393836975098,0.0,-19.037242889404297,0.0,1.0422582626342773,0.0
2025,1,-10.661758422851562,2.689593777697481,-15.326100667317709,1.6845264161963425,1.0368497636583116,0.22069121714072173
2025,2,-8.08983826985129,1.4344494471096363,-14.092901672979798,1.3144329890927797,0.8175361196601431,0.18038623974334092
2025,1,-7.688641800022381,1.1965616448143634,-13.641213676887496,1.1580035399340145,0.824077992110564,0.17635783756275525
2025,1,-10.014740943908691,2.919422702222585,-17.502456665039062,1.6561205849329181,0.6241047978401184,0.18321528367064358
2025,1,-7.34661171653054,0.518041271968647,-13.553594415838068,0.7591415948678331,0.7842890999533914,0.15237987539623754
2025,1,-8.577395231827445,1.3970465155409468,-13.654490595278533,1.7021012953917867,0.9564610356869905,0.15476435744683048
2025,1,-13.720386505126953,2.2009024620056667,-18.95914077758789,1.5784578323367138,0.9253690242767334,0.10161972045898438
2025,2,-15.91413402557373,0.0,-19.328533172607422,0.0,1.2519453763961792,0.0
2025,2,-12.677978515625,2.390111097496306,-17.46219253540039,1.5876743803151658,1.0136126279830933,0.22054905740898742
2025,1,-6.589556477864583,1.0479710517825598,-13.299054361979167,1.0011346714229001,0.7129647827148438,0.1325144827887254
2025,2,-7.902980369857595,1.267071157084432,-13.53798828125,1.2594510448022975,0.8710158722310126,0.17333875261009954
2025,2,-10.825201034545898,0.6075815560642849,-18.079740524291992,0.691877979798867,0.6346096396446228,0.04215969844803348
2025,2,-12.537965562608507,2.3079926263939177,-17.129411485460068,1.8354137625299873,1.04632568359375,0.21096924412578213
2025,2,-7.896053279842342,1.462390649467366,-13.446236275337839,1.2416462159588657,0.8829017616249062,0.16080471952114922
2025,2,-11.938094139099121,0.0,-16.76314353942871,0.0,0.9907316565513611,0.0
2025,2,-8.701841354370117,0.4180531501772739,-14.684629440307617,0.678924560546875,0.8062795996665955,0.03864508867263794
2025,3,-10.328085465864701,2.372512887144907,-16.12072615189986,1.6592327316531497,0.848640268499201,0.19774434736060686
2025,2,-11.395581245422363,1.6125221252441406,-17.74526596069336,1.119497299194336,0.755057692527771,0.06937503814697266
2025,2,-9.335872650146484,1.7605284519639437,-14.643779754638672,1.6843450995200044,0.9197077751159668,0.15343729965082686
2025,1,-7.8896375206427845,1.248220148965214,-13.628689897738822,1.2692325358683392,0.8549431281361154,0.17311451697004954
2025,2,-12.894960403442383,0.0,-17.290298461914062,0.0,1.0663045644760132,0.0
2025,1,-10.662729644775391,1.3616710746144385,-14.39656982421875,0.870452818510298,1.1920870780944823,0.10146620977183529
2025,1,-8.872869110107422,1.7280186343969688,-14.564437866210938,1.7053518528774672,0.8768320083618164,0.22973032871304963
2025,2,-12.45823860168457,2.8285469049075402,-18.121400833129883,1.1623583428216542,0.8823229670524597,0.2542888320294268
2025,2,-8.266131591796874,0.9390433452982884,-13.699282836914062,0.37792340191124457,0.8960957527160645,0.12142375466477401
2025,1,-11.612846374511719,0.0,-17.209789276123047,0.0,0.8642624616622925,0.0
2025,1,-13.227790832519531,0.03369331359863281,-15.63235855102539,0.166743755341258,1.460317850112915,0.042782366275828876
2025,2,-15.102752685546875,0.0,-19.65096664428711,0.0,1.0390024185180664,0.0
2025,2,-9.698536085045856,2.5528338710503684,-15.449314283288043,2.229777009096758,0.8512578217879586,0.16444672273556468
2025,2,-9.710479149451622,2.166849177466457,-14.820380577674278,1.7264776388352017,0.9521475571852464,0.15582903886061497
2025,2,-12.776325225830078,1.1354410186512534,-17.93299611409505,0.40308811647043685,0.9415179093678793,0.13601578568144804
2025,2,-10.212862014770508,2.113942042924154,-15.740230560302734,1.5346664487616155,0.8839650948842367,0.14636871025355885
2025,1,-10.953500111897787,0.8207996716905318,-17.43157958984375,1.201170390029845,0.7382117907206217,0.08275456106102805
2025,2,-8.379239534076891,1.9027751795933894,-14.443083110608553,1.39632745981486,0.8191856083117033,0.2371539416607032
2025,3,-11.205615997314453,0.9748272895814154,-17.314186096191406,0.1317777633701501,0.7943183183670044,0.12276628613472347
2025,2,-16.07749366760254,1.5705523490906486,-19.357227325439453,0.762786865234375,1.284170150756836,0.16152340173722413
2025,3,-9.83154296875,2.510339451023312,-14.888031005859375,1.7481366170309216,0.9661754965782166,0.20279399900061051
2025,3,-10.014715576171875,1.3850876226647753,-15.521841430664063,1.6450139689055168,0.8894126892089844,0.1515331093913972
2025,1,-14.593992233276367,0.0,-18.558189392089844,0.0,1.145716905593872,0.0
2025,1,-6.917692565917969,0.8854491347456499,-14.9926025390625,0.7862510629928977,0.5481790065765381,0.11163490963961904
2025,2,-8.186223560590836,1.78560418576859,-13.881914439308682,1.5308684137695585,0.8639126007963224,0.18639048341701409
2025,2,-12.407064437866211,1.4718537330628214,-16.663677215576172,0.9371633529667939,1.09419846534729,0.09766387939453125
2025,0,-7.8865782445790815,1.1494799290618043,-13.457234534438776,0.998105611235359,0.8789256816007653,0.1619409945828973
