year,severity,vv_db_anom_mean,vv_db_anom_std,vh_db_anom_mean,vh_db_anom_std,rvi_anom_mean,rvi_anom_std
2017,1,0.1713468969234142,0.6981177502745657,0.26590020236338974,0.6618274555524596,0.010540310732282,0.14017498630650782
2017,1,0.2216192343110193,0.6910993112959043,0.30654956675928635,0.6571605510626328,0.00973993721465752,0.14153183348108214
2017,1,0.26205068068070847,0.7202652784254615,0.28989767594770954,0.7269342230881186,0.0008512976494702426,0.14190906034675999
2017,1,0.23201944383900028,0.700121068391412,0.31221189372336045,0.6787725497500997,0.008926322129210865,0.1427834760197378
2017,1,-0.5039033536557798,0.7113375222715382,-0.634253184000651,0.41117453045571783,-0.025422332463441073,0.10029747437318622
2017,1,0.4296179877387153,0.6606853131950594,0.2639314156991464,0.4318097010000275,-0.03139002014089514,0.11548609239940608
2017,1,0.10743689370322061,0.7704133470414095,0.21740836030119784,0.7069741542888494,0.013499607573022376,0.1491916794237332
2017,1,-2.270554542541504,0.0,0.1975841522216797,0.0,0.41030335426330566,0.0
2017,1,0.2614870461683303,0.6910837149086826,0.3776178642376282,0.6638965990379689,0.014227121823791721,0.14237357928117625
2017,1,-0.5126628875732422,0.0,-0.09056854248046875,0.0,0.04304337501525879,0.0
2017,1,0.6858334541320801,0.23022890090942383,-0.0944828987121582,0.24885892868041992,-0.15023678541183472,0.006701052188873291
2017,1,-0.3644108295440674,0.9610771911653752,-0.20309791564941407,0.809379470569966,0.029612737894058227,0.25404672637381415
2017,1,0.03892593383789063,0.6068990424221222,0.9936540603637696,0.41882138595576923,0.16595910787582396,0.12652779594713123
2017,1,0.11114387358388593,0.7294493753829147,0.11694791240076866,0.5626294415286296,-0.0019557644282617876,0.1373032137122344
2017,1,-1.1240673065185547,0.0,-0.02993011474609375,0.0,0.1891465187072754,0.0
2017,1,0.10508713482570814,0.9372182021220853,0.3992814141708189,0.8341687878532745,0.039812104540846376,0.14544880033224575
2017,1,0.48476552963256836,1.007068157196045,1.2234382629394531,0.7206211090087891,0.09704703092575073,0.03952866792678833
2017,1,-1.1642255783081055,0.0,-0.39031219482421875,0.0,0.15215528011322021,0.0
2017,1,-0.04327034950256348,0.6363424967909429,-0.319782018661499,0.2893155697914295,-0.05229972302913666,0.09902749072233964
2017,1,-0.35636043548583984,0.0,-0.27706336975097656,0.0,0.013592243194580078,0.0
2017,1,0.06639708455887822,0.7936563799040683,0.29340433359486556,0.742982262152279,0.027973325748434526,0.14532490990639352
2017,1,1.6772146224975586,0.0,-0.3871898651123047,0.0,-0.38136762380599976,0.0
2017,1,-2.200594902038574,0.5388040542602539,-0.4425058364868164,0.007773399353027344,0.33676981925964355,0.10988426208496094
2017,1,-1.9770495096842449,0.255053972993754,-0.6239884694417318,0.169813600826398,0.1923392415046692,0.058233582549227836
2017,1,0.17056687672932944,0.7582985789527994,0.364787921570895,0.6788712643429138,0.02672545115152995,0.1504615707802198
2017,1,-0.522358687027641,0.5298694347670941,-0.16069080518639606,0.49477098627029636,0.05695588692374851,0.11447437008794317
2017,1,0.4794200658798218,0.32873893684434163,0.3070089817047119,0.4187428090352269,-0.03570055961608887,0.08308551083911316
2017,1,-1.3044395446777344,0.6645868414714721,-0.16020912594265407,0.36550602703963314,0.19709361924065483,0.1396715125684331
2017,1,-1.8961000442504883,0.41026782989501953,-0.9349517822265625,0.27078819274902344,0.17136120796203613,0.13808751106262207
2017,1,0.26733431020614873,0.7852159848230147,0.5492697658484271,0.7617089728242524,0.03752031208107424,0.13878519613142318
2017,1,0.9130725860595703,0.0,-1.006765365600586,0.0,-0.29343724250793457,0.0
2017,1,0.456533197256235,0.7598071059331742,0.2845548189603365,0.6330633539281281,-0.03388962012070876,0.12398632399194515
2017,1,0.3850841522216797,0.5299870336247869,0.6383525848388671,0.5647304885944271,0.029105496406555176,0.14689682265546394
2017,1,0.2913412347726138,0.6940877632381395,0.44341433947532055,0.6739779509022912,0.019121652411356122,0.14207845497306998
2017,1,0.8778965132577079,0.7289890039941116,0.7767317635672433,0.659858102349769,-0.026880392006465366,0.13431645883488746
2017,1,1.0109621683756511,0.6157982875970202,1.9802907307942708,0.512074091455365,0.14622739950815836,0.13206283291616497
2017,1,-0.044640186585878074,0.7665795380005822,0.22145266281931023,0.7001378606927684,0.03394570476130435,0.1600405609504633
2017,1,-0.314483642578125,0.7878494085410417,0.23660939931869507,0.6160032769954186,0.08992971479892731,0.09507718141307066
2017,1,0.1067342758178711,0.18059444427490234,-0.7579860687255859,0.06296920776367188,-0.141110360622406,0.0015535950660705566
2017,1,0.1641142103407118,0.6370482781279517,0.37814851240678266,0.6275738103717049,0.028746205146866616,0.12826869311507386
2017,1,-0.9492578506469727,0.0,-0.12187385559082031,0.0,0.13331961631774902,0.0
2017,1,0.0046844482421875,0.2660995067055336,-0.18970743815104166,0.6054461575401223,-0.03825571139653524,0.12434497985209765
2017,1,-0.7171767779758998,0.5515132602228896,-0.12216241019112724,0.5337703311817799,0.09028259345463344,0.16025648710822255
2017,1,-0.9154806137084961,0.0,-0.8262901306152344,0.0,0.009343385696411133,0.0
2017,1,-0.6561813354492188,0.0,0.3612403869628906,0.0,0.17895299196243286,0.0
2017,1,0.12558130942100335,0.6856477306391223,0.3397792595477144,0.6656337229763118,0.028251033183956935,0.13675222091034664
2017,1,0.4319579601287842,0.5995155992856829,-0.3323686122894287,0.672109318816357,-0.13257332146167755,0.125270484931623
2017,1,0.13117179535563048,0.7022776301526384,0.407346519173463,0.6858067246188413,0.03884921773912916,0.1435897415012013
2017,1,-0.004259319040808376,0.8780255031207336,0.21050620320409166,0.8976685110479451,0.029070058564456786,0.1504004595717397
2017,1,-0.8480272394906584,2.1437121608996823,-0.5704053559761455,1.8557027673356508,0.04024210349520754,0.15548672130879362
2017,1,0.06890079156676335,0.7791643471147935,0.3004206187689482,0.6137610457994803,0.03121512327621232,0.14855193368251013
2017,1,-0.5312506357828776,0.2691412834675641,0.43431727091471356,0.3356566096489427,0.17846578359603882,0.10409458876033101
2017,1,0.30789101123809814,0.9545162609316574,0.11497366428375244,0.49743767000669803,-0.031041525304317474,0.15815766682287918
2017,1,0.43123722076416016,0.6026781567680815,0.5219123628404405,0.4298100274577198,0.005476103888617622,0.10181403115286392
2017,1,0.01406412124633789,0.45311834007031077,-0.4318401336669922,0.22701985707024183,-0.07809747457504272,0.10229495341709728
2017,1,-0.3884429931640625,0.0,0.16382408142089844,0.0,0.08096557855606079,0.0
2017,1,0.2775009572505951,0.6991078773970721,0.2575685977935791,0.6191720975203217,-0.0102175772190094,0.11607818526176686
2017,1,0.32576458602301817,0.6919474736084992,0.45564912267997437,0.7448235127861002,0.014584781086377506,0.15256242514423612
2017,1,-0.6882271766662598,0.23596906661987305,-0.43430566787719727,0.1839737892150879,0.03637704253196716,0.07093587517738342
2017,1,0.13532800622888513,0.6498496779390458,0.3465332691089527,0.6147690625985949,0.029595567857896958,0.1370411348607656
2017,1,-0.1533206303914388,0.6684446291865406,-1.4966500600179036,0.7118340521714849,-0.1745581030845642,0.16426285916963265
2017,1,0.3094806671142578,0.0,1.3763141632080078,0.0,0.1633278727531433,0.0
2017,1,-0.33666950723399286,0.7153782366691817,0.3323233231254246,0.5097780665519241,0.11135370835014012,0.19598817682313707
2017,1,-0.5561661720275879,0.603879451751709,-0.29846954345703125,0.0749969482421875,0.03545603156089783,0.12305483222007751
2017,1,-0.18460898650319954,0.8991183298688966,0.5664174933182565,1.0169268321831764,0.12389391346981651,0.2156014280091938
2017,1,0.48378467559814453,0.0,-0.5436534881591797,0.0,-0.1953079104423523,0.0
2017,1,-0.4577204916212294,0.5044745512846992,-0.3615681330362956,0.33712258251453,0.009557690885331895,0.11451911313787455
2017,1,0.12998104095458984,0.0,0.6226081848144531,0.0,0.03504675626754761,0.0
2017,1,-0.5108921527862549,0.4544117351793606,-0.013080914815266928,0.34964622681386015,0.07664029796918233,0.0640728802626051
2017,1,0.3947105407714844,0.0,0.5935888290405273,0.0,0.016590118408203125,0.0
2017,1,1.4965057373046875,0.0,0.440765380859375,0.0,-0.2097480297088623,0.0
2017,1,0.46996402740478516,0.8507961275035065,-0.20637852805001394,0.6323833807892489,-0.11597634213311332,0.09941137984836035
2017,1,0.19509619217569826,0.7654626299159496,0.37384434178530673,0.730526399680741,0.02390672745590902,0.14942505719699303
2017,1,0.9820318222045898,0.0,0.8431892395019531,0.0,-0.100125253200531,0.0
2017,1,0.9910974502563477,0.0,-0.5916385650634766,0.0,-0.24138963222503662,0.0
2017,1,0.13902980089187622,0.8006563418071592,0.3378364145755768,0.709656430639056,0.025478264316916466,0.14481508640079674
2017,1,-0.6220740079879761,0.6322359312596875,0.22364270687103271,0.5515499303796236,0.12680484354496002,0.11358469242368223
2017,1,-0.816042423248291,0.3624119758605957,-0.020160198211669922,0.582313060760498,0.127621591091156,0.15781432390213013
2017,1,0.013269102319757989,0.7185666773843177,0.3676571135825299,0.6297178418276249,0.048975477827356215,0.14008427450238184
2017,1,0.6916506290435791,0.23951511492350025,0.5591189861297607,0.5165308091410007,-0.028825119137763977,0.05768346794533991
2017,1,2.1834402084350586,0.29329254247663694,-0.13370208740234374,0.3992469843385583,-0.4355745315551758,0.07086538401140949
2017,1,0.13691997528076172,0.9987526561428578,-0.055235862731933594,0.385979670645906,-0.035465111335118614,0.21539631178234686
2017,1,-0.029829073678418465,0.7605047643381248,0.08649698247764316,0.6223027981387441,0.01429044171638295,0.1375968196229269
2017,1,0.07293607318212116,0.796205977725203,0.15518771277533638,0.7655768701976986,0.006608127601562984,0.14486258131932606
2017,1,1.296351432800293,0.160003662109375,0.3842782974243164,1.0916776657104492,-0.1670207977294922,0.22742438316345215
2017,1,1.6740312576293945,0.24494457244873047,1.299281120300293,0.10427188873291016,-0.10423102974891663,0.02833685278892517
2017,1,1.0706430673599243,0.4343519038509861,0.19942212104797363,0.5736304458760126,-0.18672524392604828,0.08115941559902486
2017,1,-0.7356538772583008,0.0,0.051746368408203125,0.0,0.11312311887741089,0.0
2017,1,1.9481325149536133,0.0,0.8302211761474609,0.0,-0.2065134048461914,0.0
2017,1,-0.02991269274455745,0.6434414348827379,0.2469672226324314,0.6580942328765256,0.042989459464220496,0.1342620659515804
2017,1,0.11069726943969727,0.26411637622151407,-0.05907320976257324,0.556610498697266,-0.05565941333770752,0.1263252798674782
2017,1,0.10696528782354336,0.6763460121607293,0.13640090906731436,0.6780983327245407,0.0014989933120870145,0.1464639698031978
2017,1,0.14744128769250225,0.7746807871416702,0.31490508625465696,0.7181396617987901,0.023191326568697608,0.14772855569051405
2017,1,-0.5514935194843947,1.341218048575092,-0.6656430947660196,1.1921419090760534,-0.026179809762973977,0.16048131646818733
2017,1,-0.31634389968857124,1.2614530380116709,-0.013071118092326762,1.120760857905196,0.03773523194315852,0.1822540907455355
2017,1,-1.231008529663086,0.0,0.5966262817382812,0.0,0.32685089111328125,0.0
2017,1,0.713171746995714,0.836278454851689,0.11956628163655598,0.5381685745111653,-0.11654376983642578,0.11545531529168078
2017,1,-0.15116306451650766,0.6725637165611706,0.41195106506347656,0.5959721845518953,0.08277242000286396,0.1596299954309599
2017,1,1.3705434799194336,0.0,0.14528274536132812,0.0,-0.1999383568763733,0.0
2017,1,1.0614728927612305,0.0766592025756836,0.17221307754516602,0.25784730911254883,-0.15299424529075623,0.01835271716117859
2017,2,0.2159281575889124,0.7849218378274077,0.3614820864743716,0.7683138082517545,0.018140408637291553,0.1446301318093851
2017,2,0.12343296682643438,0.7802712301294493,0.3543706410944206,0.727425242107099,0.03201809580018565,0.13720795286683096
2017,2,-0.10946321487426758,1.1227402687072754,-0.7300968170166016,0.48267364501953125,-0.11958238482475281,0.2881491482257843
2017,2,0.5742618120633639,0.6598373137548509,0.5459745847261869,0.6632560228093181,-0.007651639672426077,0.14484837368526787
2017,2,0.2871102806286124,0.6892921717927005,0.2773586612804089,0.6626529638345732,-0.005008363822478932,0.14406608730006584
2017,2,-0.25559115409851074,0.24172091484069824,-0.46186017990112305,0.31023550033569336,-0.04050642251968384,0.00852954387664795
2017,2,0.324935272747809,0.6990718597542169,0.3352127934185485,0.6872941191177403,-0.002605148323238689,0.1443916671874686
2017,2,0.20611133074761065,0.70299555343132,0.302945212326558,0.662086124410476,0.01141751938366387,0.1382804351756065
2017,2,-0.19734343642962468,1.656221976688727,-0.14640511711724372,1.627214371855775,0.00638674115710878,0.15947215629310268
2017,2,0.25934262127518665,0.71855275500375,0.4140449139398265,0.6786526024915138,0.021478601223003255,0.14951727083666808
2017,2,0.5386915683746338,0.5227780152478635,-0.10778141021728516,0.342620219763908,-0.09723819494247436,0.059427825526501124
2017,2,-1.3930025100708008,0.0,0.13009262084960938,0.0,0.18492448329925537,0.0
2017,2,-0.20898056030273438,0.7057981491088867,-0.031615257263183594,0.022978782653808594,0.00695309042930603,0.10200968384742737
2017,2,0.3299196239680559,0.6754673015312149,0.3118580924540702,0.7061179131546292,-0.005443463929434129,0.14201537075351148
2017,2,1.5843172073364258,0.0,0.6464366912841797,0.0,-0.1428641676902771,0.0
2017,2,0.17959363592145378,0.6609300607899015,0.34145973215360237,0.6510604441095827,0.022650271845414793,0.1394190993343702
2017,2,0.2612118721008301,0.0,0.18103313446044922,0.0,-0.019725918769836426,0.0
2017,2,0.1942193629629461,0.6692397161763937,0.23989717416010306,0.653659515884053,0.004413805412253904,0.13984128079182218
2017,2,0.5994081497192383,0.34830876196978433,0.14401944478352866,0.315821151278113,-0.07761911551157634,0.10969908780454606
2017,2,0.2542896315719556,0.708469298082529,0.43106260612242403,0.67554387344955,0.0235271496495097,0.14405894081119658
2017,2,0.7237112145674857,0.7172724577768083,0.012887252004523026,0.5042245641593305,-0.11599400168971012,0.10269931145456185
2017,2,0.15011968164955078,0.6859629091001338,0.3623439660446744,0.6617597190867621,0.029447095147494613,0.14421569058712283
2017,2,0.5583000183105469,0.22907733917236328,-0.1965656280517578,0.08004379272460938,-0.11597979068756104,0.04920482635498047
2017,2,-1.286240577697754,0.0,-0.4300537109375,0.0,0.15378224849700928,0.0
2017,2,-0.554238579489968,0.5114709176610807,0.3476864207874645,0.7518582982282861,0.13752380284396085,0.13579491710164518
2017,2,-0.39873695373535156,0.0,0.43637847900390625,0.0,0.15676414966583252,0.0
2017,2,0.9461040496826172,0.0,0.6803798675537109,0.0,-0.04117476940155029,0.0
2017,2,-0.7560264587402343,0.829700476453554,-0.37669219970703127,0.5372576852195886,0.07060898542404175,0.15447821046016535
2017,2,0.20267963409423828,0.7114974687944942,0.08296310901641846,0.9114050782085911,-0.02546255588531494,0.14820808742319366
2017,2,-1.076240403311593,0.5547548791657326,-0.09615843636648995,0.7920423484275798,0.17475007261548722,0.19334083241313685
2017,2,-1.5388240814208984,0.0,0.5066375732421875,0.0,0.3679317235946655,0.0
2017,2,1.855203628540039,0.0,0.8417091369628906,0.0,-0.18776893615722656,0.0
2017,2,-0.8914918899536133,0.31145348938654527,-0.44235944747924805,0.27453184814984505,0.06987616419792175,0.07374328442549234
2017,2,0.01811504364013672,0.0,-0.0337982177734375,0.0,-0.009727239608764648,0.0
2017,2,0.18960318697521225,0.8505176827015174,0.36381494978868234,0.8454829532243329,0.021700971390594025,0.14559642463913652
2017,2,-0.22101688385009766,0.0,-0.021083831787109375,0.0,0.010255038738250732,0.0
2017,2,0.11761760711669922,0.3258980569246277,0.3348387082417806,0.7430501071074946,0.023567914962768555,0.09364980369738933
2017,2,0.32884788513183594,0.5384607315063477,1.5853338241577148,0.4998445510864258,0.18608182668685913,0.0012360811233520508
2017,2,-0.047193050384521484,0.29404604342914614,-0.21893874804178873,0.41349695180492535,-0.037367393573125206,0.08104530313709984
2017,2,1.2532081604003906,0.0,-0.4141731262207031,0.0,-0.27187687158584595,0.0
2017,2,-0.4905239741007487,0.4529938303139465,-0.5892473856608073,0.2666902382646568,-0.027661383152008057,0.08051980418965402
2017,2,0.15226014159492893,0.6817090209284975,0.30083426747504965,0.666691675733922,0.020001941146316392,0.13648008628673577
2017,2,-0.19277071952819824,0.18419856887696054,-0.49855971336364746,0.23109424714637025,-0.06036663055419922,0.05613704389104303
2017,2,1.814939022064209,0.0,1.6933097839355469,0.0,-0.024693548679351807,0.0
2017,2,0.4996020173373288,0.7884795192328135,0.47422633758962973,0.7444819121424258,-0.008959880430404453,0.1394907081192357
2017,2,0.17553882598876952,0.6883702084749157,0.42651119232177737,0.699287483190552,0.03475878834724426,0.1422510362924077
2017,2,-0.4916861852010091,0.6136148214558129,-0.6487131118774414,0.8544906160011628,-0.04387778043746948,0.11219327299777722
2017,2,0.06404700279235839,0.7958014435105382,0.6103694915771485,0.4997510730263516,0.08216902414957682,0.13709105125026447
2017,2,0.11845512390136718,0.43599846871868536,0.4029367446899414,0.2552606413892747,0.04171000719070435,0.08350867687389958
2017,2,-0.0670548439025879,0.2761917435755708,-0.1362356185913086,0.13598931461075503,-0.03386554718017578,0.046722693705352196
2017,2,0.1264791488647461,0.0,-1.5296077728271484,0.0,-0.2966381907463074,0.0
2017,2,-0.4609546661376953,0.0,1.3127803802490234,0.0,0.2672896981239319,0.0
2017,2,-0.005320549011230469,0.0,0.081298828125,0.0,-0.012923955917358398,0.0
2017,2,-0.30449242062038845,0.7100421349979192,0.09774304760826959,0.707979839504495,0.052172713809543185,0.13490031571044273
2017,2,0.4696941375732422,0.0,0.5993766784667969,0.0,0.009177923202514648,0.0
2017,2,0.6753454208374023,0.0,-0.4477405548095703,0.0,-0.19034409523010254,0.0
2017,2,-0.20537180370754665,0.3432365231926233,-0.022997538248697918,0.348014968614097,0.02449023723602295,0.09057371888223818
2017,2,-0.3521442186264765,0.6283762430050036,0.06167638869512649,0.7098123816298494,0.06412586711701893,0.12178149405440612
2017,2,0.003996654793068215,0.8308030929160072,-0.2006797260708279,0.787468158196623,-0.03418896816394947,0.19239101977752615
2017,2,-0.3907170295715332,0.5548853874206543,-0.33238983154296875,0.10439300537109375,0.001996248960494995,0.11656329035758972
2017,2,-1.563974380493164,0.0,0.5643367767333984,0.0,0.34831303358078003,0.0
2017,2,-0.3449228286743164,0.7852056917435698,-0.07474231719970703,0.42657001514596554,0.07168397903442383,0.14223427024407348
2017,2,1.2461413145065308,0.19416377138419963,-0.4916691780090332,0.5020303807789966,-0.22938849031925201,0.06183402491233255
2017,2,0.22765969576947534,0.7104530074337246,0.4367295070033338,0.6850942186150178,0.027657348913547306,0.14232694833342788
2017,2,0.24448453776041668,0.6651187771290917,0.37675992838541666,0.7043937569456256,0.014982603708902994,0.14767897994219426
2017,2,-0.10188913345336914,0.5052141185860809,-0.6894756044660296,0.5270066619369974,-0.09309782300676618,0.1145849343627165
2017,2,-0.11976051330566406,0.0,0.31004905700683594,0.0,0.08077013492584229,0.0
2017,2,0.2956097089410709,0.8129386355063924,0.7019766785327246,0.8053100266880913,0.05774296190740033,0.14780303152058555
2017,2,0.7558884620666504,0.24669790267944336,-0.8814244270324707,0.11176633834838867,-0.24429470300674438,0.01289832592010498
2017,2,0.18967151641845703,0.7789339192903729,0.9732786814371744,0.3864722760084392,0.14279848337173462,0.21282637966290624
2017,2,-1.013967514038086,0.0,0.13700485229492188,0.0,0.1964905858039856,0.0
2017,2,0.20466440602352745,0.6866624881004469,0.08548703946565327,0.6699159850024211,-0.023313522338867188,0.13723674955268125
2017,2,-0.3575466473897298,0.8685507771837564,0.316226323445638,0.4637932397707507,0.10461626450220744,0.1389758751143055
2017,2,-0.6070114135742187,0.19829945455625123,0.09274864196777344,0.5592653758616015,0.09933254718780518,0.0788728897752123
2017,2,0.10472293300483063,0.721180307049893,0.4187215790493798,0.7430846764250173,0.042455250980289835,0.14660930289350202
2017,2,0.3451113065083822,0.6048144986421773,-0.13545475006103516,0.851979738123601,-0.08288774490356446,0.1406658410634697
2017,2,0.4867868423461914,0.6110591888427734,-0.40070343017578125,0.03383636474609375,-0.16593194007873535,0.09996438026428223
2017,2,-0.1068115234375,0.0,1.0665454864501953,0.0,0.19643795490264893,0.0
2017,2,0.06436856587727864,0.027848828518550153,-0.7308133443196615,0.35844271590107435,-0.1276225447654724,0.038632852528394546
2017,2,0.1285657496065707,0.745170993967693,0.028147620123785896,0.7183189363665056,-0.019785980920533876,0.15242889922821448
2017,2,0.3631157230686497,0.6807537138185156,0.4382525263605891,0.7088680528155902,0.006103678329570874,0.13721784967422698
2017,2,-0.6108529567718506,0.6225173505157623,-0.019709348678588867,0.680083182482517,0.10393267869949341,0.22161659980654444
2017,2,0.3796703338623047,0.5397625976272264,0.6748668670654296,0.8653740214478463,0.013491404056549073,0.1961910837644591
2017,2,1.1937692165374756,0.23379299619962118,-0.003082275390625,0.7080942743351472,-0.21344146132469177,0.13203379884775332
2017,2,-0.3479646682739258,0.6682321287635137,-0.06819076538085937,0.6797223586038594,0.03255492448806763,0.10385089201039645
2017,2,0.1249603230568258,0.7046134160881489,0.28590489803797164,0.6518614085433658,0.02073841427414154,0.14473530710090432
2017,2,0.34837654658726286,0.44007690707107294,-0.5532139369419643,0.6358920394407488,-0.1622755527496338,0.148946447780963
2017,2,0.6108665466308594,0.0,-1.490631103515625,0.0,-0.3644134998321533,0.0
2017,2,0.16518001556396483,0.3043273490105825,-0.6631858825683594,0.4728632369070479,-0.13984986543655395,0.10014720715884805
2017,2,1.1948127746582031,0.0,-0.7850399017333984,0.0,-0.37501853704452515,0.0
2017,2,0.8005552291870117,0.0,0.6407814025878906,0.0,-0.03484141826629639,0.0
2017,2,-0.03416728973388672,0.0,0.1784496307373047,0.0,0.025500774383544922,0.0
2017,2,0.019140005111694336,0.6983298191351306,-0.15627090136210123,0.7299752504729716,-0.030680711070696514,0.10857650534704076
2017,2,2.2619152069091797,0.0,0.04749107360839844,0.0,-0.38608652353286743,0.0
2017,2,-0.8270788192749023,0.28344058990478516,-0.30643224716186523,0.11835813522338867,0.06615409255027771,0.02441290020942688
2017,2,2.046727180480957,0.1319122314453125,-0.04236030578613281,0.21372032165527344,-0.3506859838962555,0.02843460440635681
2017,2,0.30931520462036133,0.32382631301879883,-0.1876993179321289,0.11083507537841797,-0.09661835432052612,0.07156920433044434
2017,2,-0.3634209632873535,0.9102625846862793,-0.00899505615234375,0.489898681640625,0.03819569945335388,0.05893316864967346
2017,2,0.04108428955078125,0.0,0.1976776123046875,0.0,0.01760411262512207,0.0
2017,2,0.3212124506632487,0.2184414031372889,0.24913501739501953,0.6708876926048789,-0.015725672245025635,0.1333332154096563
2017,2,0.6694450378417969,0.027716636657714844,0.07310009002685547,0.15653705596923828,-0.12035885453224182,0.013874083757400513
2017,2,0.13981205486148934,0.6805750145728169,0.40002414811410675,0.6693496394040539,0.035385165079486657,0.13696827706851686
2017,2,0.44295549392700195,0.0,0.9722166061401367,0.0,0.09281539916992188,0.0
2017,2,0.43247946377458246,0.5371387582132445,0.06567642606537917,0.6599131804138826,-0.06847293623562517,0.14137478759912106
2017,2,0.26551753452845983,0.739508311129387,0.1648707253592355,0.6899147404057201,-0.01794203860419137,0.15457702718141156
2017,2,-0.14406765424288237,0.8317142407250511,0.5541541026188777,0.6605743565078408,0.11844697365394005,0.14878232261380875
2017,2,0.011372089385986328,0.8653556341890238,0.4608308351956881,1.2861628615030167,0.0724255946966318,0.2356103014975286
2017,2,0.5762189229329427,0.7684210211687819,1.7731879552205403,0.676009328125214,0.18281656503677368,0.08134280228442672
2017,2,-0.014984697103500366,1.0107724212154854,-0.32378971576690674,0.3802925797411579,-0.018894320353865623,0.1259818484470872
2017,2,1.0648632049560547,0.5641495358008504,0.30101537704467773,0.5223004882332344,-0.15428663790225983,0.07736868055417687
2017,2,0.6097135543823242,0.0,-0.10020256042480469,0.0,-0.11686503887176514,0.0
2017,2,0.09415320996884946,0.5941046955494245,0.5527930436310945,0.7140343444549073,0.06665710166648582,0.14044700473808527
2017,2,0.7919950485229492,0.0,0.5797214508056641,0.0,-0.036338984966278076,0.0
2017,2,0.31861307651181764,0.6850372532831525,0.6267617141144185,0.7251492404923481,0.044628958158855196,0.14626679939882306
2017,2,-0.09070444107055664,0.5389924049377441,0.5698890686035156,0.6138582229614258,0.10112550854682922,0.18650558590888977
2017,2,-0.470552921295166,0.3941582034183034,-0.18686840750954367,0.7403207615046747,0.03465249863537875,0.07310220491801481
2017,2,0.07739003499348958,0.5687407247038102,-0.27341429392496747,0.3464323573102851,-0.03650756676991781,0.05611529478713644
2017,2,0.1370320385809444,0.7180837144255842,0.2628121704437844,0.7024461741482059,0.017179788636767175,0.1467429855065173
2017,2,0.9354968667030334,0.5866228290386681,0.27565252780914307,0.5253207130637406,-0.09182055294513702,0.12575014639621357
2017,2,1.015951442718506,0.3011274755879908,-0.23546009063720702,0.6133778713007908,-0.22821545600891113,0.1444883104563347
2017,2,0.14708983869980977,0.8633929238529967,0.35565993577312355,0.8258731959756771,0.024901342730150156,0.1642211205568402
2017,2,0.02861051386052912,0.6829255309516866,0.23540802001953126,0.6618873020918332,0.02953169042413885,0.14268488543981667
2017,2,0.0653559818650385,0.6980585141098155,0.3691923912070201,0.6909943293024252,0.04117977284428725,0.14268054276385966
2017,2,0.08155670530187202,0.7428711834398161,0.2749308656678848,0.7689337363098011,0.027094110384192273,0.15461003459071213
2017,2,0.8677263259887695,0.0,-0.45612239837646484,0.0,-0.21265125274658203,0.0
2017,2,0.9377293586730957,0.0,-0.3000526428222656,0.0,-0.1787979006767273,0.0
2017,2,0.08304610619178185,0.7337785173465308,0.31407989250434626,0.6630355100943508,0.03158421306819706,0.14397772124755534
2017,2,0.18522159420714088,0.7407077088722849,0.5760361029177296,0.7009400378066285,0.052703983929692486,0.14009714996198083
2017,3,0.056367814939920304,0.9308623748557411,0.13539675191924547,0.8895245245494404,0.009641801737752254,0.15140705051120143
2017,3,-0.02462029457092285,0.6886072177543833,-0.04122161865234375,0.5171481970610536,-0.0060206910838251524,0.11463854627047136
2017,3,-0.16404501597086588,0.3705101357050208,0.7249549229939779,0.7345920637745016,0.12568769852320352,0.14777165552078655
2017,3,0.20119921366373697,0.6512562132456743,0.3411775430043538,0.7642573112394389,0.01447952538728714,0.17613149378092186
2017,3,0.6750033696492513,0.6188739147568819,0.4171084562937419,0.7705562190710858,-0.036846871177355446,0.13832739272851688
2017,3,0.9481412569681803,0.7378350201756047,0.3511999448140462,1.036987492729118,-0.07912445068359375,0.23780019257750387
2017,3,0.18482774564888846,0.6700864719952775,0.3092093195446568,0.6490586196905742,0.016075453259829613,0.13542978100901062
2017,3,0.07926726292075571,1.0556335054941155,0.1652269430277224,1.0300889597912413,0.010414200112332213,0.15093116541208954
2017,3,-1.1469842910766601,0.5790604322119368,0.15493106842041016,0.8245037017780686,0.17714091539382934,0.14366353629521939
2017,3,1.1503918965657551,0.23856065219530653,-0.2664181391398112,0.21408429449474467,-0.24796132246653238,0.03894991080995792
2017,3,-0.12287679085364708,0.38729452697526207,-0.48439759474534255,0.6395606779242782,-0.0742879739174476,0.11657353141995233
2017,3,-0.7627582550048828,0.0,0.5219612121582031,0.0,0.2319011688232422,0.0
2017,3,-1.2368488311767578,0.0,-0.5899181365966797,0.0,0.11268866062164307,0.0
2017,3,-0.6127796173095703,0.31986748461341763,-0.5700200398763021,0.23828860845603897,-0.00183411439259847,0.07957787587531404
2017,3,-0.580225944519043,0.07587354958746284,0.40903155008951825,0.5536340805185155,0.1598390738169352,0.09798179869931237
2017,3,-0.335509459177653,0.5196242242220435,0.031179428100585938,0.08976429836127915,0.02478736639022827,0.07810392882127655
2017,3,-0.5421371459960938,0.44361086996417926,-0.44730186462402344,0.3354676630526296,0.009771168231964111,0.07500629098999265
2017,3,-1.2559919357299805,0.0,-0.43727684020996094,0.0,0.12083214521408081,0.0
2017,3,1.0856666564941406,0.0,0.47879791259765625,0.0,-0.10401326417922974,0.0
2017,3,-0.7625617980957031,0.0,-1.1348953247070312,0.0,-0.07570648193359375,0.0
2017,3,0.12233151061344745,0.6659578228698468,0.26518931030755927,0.615513926053164,0.018869828856343366,0.1367936545771069
2017,3,0.26883299830277313,0.7711922742229601,0.3619237797118449,0.6887341063683476,0.012295138059189232,0.1472131568927696
2017,3,0.17430067222313728,0.697120955102126,0.4081997325332415,0.645381402518143,0.03330228519485393,0.14223661072864607
2017,3,0.09951588594029268,1.0232274279579758,0.28920950800100537,1.0452854281813448,0.02360382216439064,0.15012149130322278
2017,3,0.25041163928364957,0.7566823750819566,0.2832885061613026,0.6913098786590879,0.000962867872157921,0.14638015380829206
2017,3,1.578066349029541,0.00845479965209961,1.6609859466552734,0.07711029052734375,-0.01182854175567627,0.006922364234924316
2017,3,0.2065223336642485,0.7384274581041458,0.4694836055657066,0.7100425805941164,0.03531526206276232,0.14303546407546774
2017,3,0.23932375692394944,0.7494389626944784,0.39511769509569644,0.689264642480848,0.020324051028337262,0.14443929598759966
2017,3,0.7672379493713379,0.29650797154827274,0.8854621887207031,0.378113477923444,0.014442992210388184,0.047791141638364246
2017,3,0.25240280792809533,0.6920267192055958,0.4246914297084629,0.6877235223559147,0.021837952057889496,0.1425430662201661
2017,3,2.069652557373047,0.7094269342675777,0.847184317452567,0.3277995349040678,-0.19662904739379883,0.13501203776694373
2017,3,0.27223661967686247,0.7750605855617237,0.12489891052246094,0.2707441363002632,-0.025207221508026123,0.10813867147763004
2017,3,-0.02665424346923828,0.0,0.4271736145019531,0.0,0.04933607578277588,0.0
2017,3,0.5765488147735596,0.48081125668356994,0.22673249244689941,0.4752428958274795,-0.0596579909324646,0.05179372745148095
2017,3,-0.17693206667900085,0.7061707639876763,-0.15611594915390015,0.5281459604961787,0.0005384571850299835,0.12282681801923236
2017,3,-0.0066220760345458984,0.5393010639487371,0.4674428304036458,0.6780366023681215,0.07380030552546184,0.13417784020075557
2017,3,0.2239665931391159,0.7029585015056139,0.45424419918962944,0.6881673960420988,0.03187952932157353,0.14310548505337187
2017,3,0.14337593705922125,0.7305906183617354,0.4216087635711328,0.7045459939293344,0.03768570142557552,0.14213075960699018
2017,3,0.008198794196633732,0.6599725272964958,-0.2938181372249828,0.5477633371399333,-0.056480256950154024,0.11286152128238049
2017,3,0.5327272415161133,0.0,-0.10270309448242188,0.0,-0.12155729532241821,0.0
2017,3,0.2414274125216808,0.6559241431682703,0.4399146526995375,0.6666093199180114,0.025483113312404566,0.1360267422747329
2017,3,0.23334726186899038,0.7708832903707976,0.38461189689217035,0.6838450674374519,0.0189508542909727,0.13304637190587407
2017,0,-0.10438821075159475,0.9862707308746838,0.11679797391279029,0.9808096088382064,0.027713262925454236,0.14576176545027772
2017,0,0.16284336397181734,0.9939669774344716,0.19073105980668292,0.6793578954155597,-0.003113005179777347,0.1984175455369599
2017,0,0.6885845540582353,0.8033430090271477,0.13808523846208523,0.5576325777534951,-0.09577499687719511,0.14672641425851463
2017,0,0.30618275493806985,0.7529373867731419,0.38589728783269645,0.6537291869480127,0.004484254893811595,0.1513956966605441
2017,0,0.11888316014573519,0.8002711719581742,0.3416325154567631,0.6493270596680943,0.031190162135004838,0.15662132324828254
2017,0,0.14011069677209342,0.6585772114210187,0.2847076744161626,0.6415483495903266,0.02059008280436198,0.14213989256506235
2017,0,0.2026776413159135,0.9794402163686979,-0.033034375206426034,0.9567491381478781,-0.03972413727308758,0.15775687587743986
2017,0,0.273952192587796,0.707579834066383,0.28536195621552074,0.6724024044929693,-0.0016418180886587875,0.15324942745595352
2017,0,-1.3244209450056978,1.8823263128061114,-0.897389972360405,1.8334040077418987,0.0681514873745398,0.21115019894980994
2017,0,0.13830911052198172,0.7439290559514609,0.23560223498630345,0.6764585820031168,0.011399197559197702,0.14466382765192282
2017,0,-4.081696101597378,1.5072298019433934,-2.7050808497837613,1.2504564027648688,0.28066907610212055,0.3399315642245041
2017,0,0.13008566656825746,0.6941338767750964,0.29502142238770845,0.6663391110570324,0.021416834953845734,0.13976247741130704
2017,0,0.8371035789497924,0.8361622620531268,0.14617995152774987,0.5727340731431366,-0.11243500050241158,0.14542316036511008
2017,0,0.11669242707085943,0.7088099276106852,0.24740173294865742,0.6826556801287936,0.01720685684777571,0.1474618294602418
2017,0,0.057867526879771154,0.6573242010421089,0.18804329006717446,0.6152704887785523,0.017400602515679646,0.13949937539816984
2017,0,0.08663772895082078,0.7201388606689025,0.23759982762988596,0.6834794970200416,0.01887803339470575,0.14578428004088198
2017,0,0.29047004281217037,0.7915156684904882,0.5770651257993803,0.7611580958293638,0.04226330731656146,0.15955811638758738
2017,0,0.27315186136428427,0.7032281314345143,0.47931263572830024,0.652654378445325,0.02758272793838669,0.14064730974289383
2019,3,0.26276796129014757,0.5215334589166227,0.05109611087375217,0.678285241715942,-0.03604891565110949,0.13555650324549753
2019,3,0.8631785848866338,0.5640655225706724,0.07419140442557957,0.7859956481675802,-0.11757579057112984,0.12647432528465738
2019,3,0.6029620792554773,0.8711694234841905,0.5683662580407184,0.7303831743398069,-0.0013358852137690005,0.18431910475284163
2019,3,0.2947216033935547,0.8928659656557575,0.4327946901321411,0.7297177457916821,0.023201551288366318,0.17581761295622003
2019,3,0.4014286153456744,0.7292807999589896,0.37560401243322034,0.6943219021495675,-0.002680806552662569,0.17173975003307815
2019,3,0.07581849399077961,0.8232224740340112,0.15508138973899827,0.821708155690806,0.015235111316804904,0.17301996854091628
2019,3,0.17129940619763173,0.8474151201300821,0.1957614328423037,0.8123896723286222,0.007296104041955077,0.17105772959034088
2019,3,1.0599952538808186,1.1032036983407654,1.5192281405131023,0.8854841294833414,0.06517671048641205,0.21029559679314608
2019,3,0.2195392233295534,0.8907915570426324,0.2686706415191033,0.8701745179743662,0.009935432002832235,0.1768606193367826
2019,3,-0.8404421806335449,0.4611697196960449,0.9710245132446289,0.8693075180053711,0.35926225781440735,0.2829885184764862
2019,3,0.19475102424621582,0.08893227577209473,-0.7133097648620605,0.021179676055908203,-0.1470114290714264,0.010459095239639282
2019,3,0.9231816291809082,0.33686194981618595,0.42028064727783204,0.5166106314510404,-0.09000937938690186,0.0833036742460006
2019,3,1.1176233291625977,0.0,-0.07431411743164062,0.0,-0.17300862073898315,0.0
2019,3,2.056450843811035,0.0,-1.2435874938964844,0.0,-0.4215118885040283,0.0
2019,3,0.3000526428222656,0.38442492628705704,1.503160794576009,0.2702775304008874,0.1561529040336609,0.07201322175402841
2019,3,0.4957774877548218,0.6139880161591392,0.14023828506469727,0.507838244050725,-0.05785936117172241,0.07424638815738668
2019,3,1.7031295776367188,1.2487951849079855,-0.8909477233886719,1.00164634026589,-0.3459453582763672,0.06041329128931837
2019,3,-0.16492255528767905,0.7549801663215426,-0.22899198532104492,0.3608062400994788,-0.012275497118631998,0.1503644218986467
2019,3,1.432937781016032,0.7850188908389938,0.7306361198425293,0.43158506030919813,-0.11169017354647319,0.06949961012328501
2019,3,0.1985149383544922,0.0,1.6401214599609375,0.0,0.27569901943206787,0.0
2019,3,0.3509492874145508,0.6767723709369238,0.11458810170491536,0.22122043803797087,-0.05232598384221395,0.1711682779609618
2019,3,-0.8204166094462076,1.2684060053357724,0.9616244633992513,0.2324708878231834,0.2670167088508606,0.22107799149774526
2019,2,0.8387344623434132,0.9466478514435089,0.86471570771316,0.7954928136252519,0.005771659571548988,0.2518172500782811
2019,2,0.30652443567911786,0.9698595095996666,0.9035155886695498,0.3834609935188613,0.10481446129935128,0.19070579953248196
2019,2,0.0856557143361945,0.7323381204390393,0.46132679989463404,0.8531452378114653,0.06427264213562012,0.18681894852469297
2019,2,0.864071273803711,0.808441318364491,0.2680539131164551,0.5823307422409555,-0.07874946594238282,0.15315568104101535
2019,2,0.07681330293416977,0.8010804238500506,0.6231122016906738,0.7018596036481096,0.08365964144468307,0.1460409121941933
2019,2,0.12086300580006726,0.7798552268314299,0.26740518605934,0.8458432965428881,0.023948437762710283,0.20773316853269255
2019,2,0.31340614359646557,0.7926579003905341,-0.004214778940945386,0.7559223037011904,-0.04000919515436346,0.1646489536567563
2019,2,-0.16474216514163548,0.7105313766129612,-0.3119190533955892,0.7309142730633865,-0.021899595856666565,0.16661767563076085
2019,2,0.4552866961504962,1.0726595048357324,0.31985476210310654,0.917760114324267,-0.015521384574271537,0.1559584611848192
2019,2,0.25816600410413776,0.8136227377352487,0.21924298277834403,0.7774270598934924,-0.0021803688456993975,0.16506680247830058
2019,2,-0.15175497872488838,0.8782866716135764,0.2963239669799805,0.57535007418079,0.07191811970302037,0.17348988546220834
2019,2,0.3863304730119376,0.7697507438151181,0.09332229351175242,0.5435051809570624,-0.04819267371605183,0.11147070120565018
2019,2,-0.24214596583925443,0.6850206552240747,0.5136937108533136,0.8625308882071381,0.13164325418143435,0.17557322832070887
2019,2,-0.3485060797797309,0.6025004163862218,0.19130420684814453,0.5278212088065264,0.07562003312287507,0.11779158397896392
2019,2,0.20028459108792818,0.744877067408703,-0.09352386914766751,0.6652833201074299,-0.03467041712540846,0.14928558787224636
2019,2,0.17228974869002156,0.7127013053894986,0.02654953145269138,0.8380162109525452,-0.02007326795094049,0.15966693735336773
2019,2,0.3533618633563702,0.8283015790816005,0.5235485296982986,0.6699820656697132,0.02431814716412471,0.17332710706635066
2019,2,0.17920015432538777,0.8274802452371839,0.2649118539480687,0.8079978060380729,0.015642560601524483,0.16744979409711477
2019,2,-0.0769313121664113,0.8635201950627436,-0.2070377941789298,0.726162406757768,-0.019390188414475013,0.16959724297685627
2019,2,0.24651806695120676,0.942521527508599,-0.03224257060459682,0.558775737959999,-0.039176000016076226,0.16231404265766125
2019,2,0.14788293838500977,0.9890843218487199,-0.4857219457626343,0.8106103121159052,-0.0882581075032552,0.19118139416228844
2019,2,0.1257808342806695,0.8505605829275819,0.18508635246347716,0.7591115661901807,0.012672344006990131,0.17902045740796388
2019,2,0.1071984525506254,0.8724107480932976,0.20770354007048342,0.8121470263549685,0.018561818578221777,0.16944655065166697
2019,2,0.16933033855787785,0.7807317503154187,0.23440731094177975,0.8071184126059839,0.01330958324599551,0.16107663293567256
2019,2,0.13149151621625693,0.8065004912354947,0.16322885597433118,0.7932502941163134,0.007843071272586391,0.1696806260948522
2019,2,0.13111887853731294,0.7795645178805978,0.2219007316949054,0.7117105874132074,0.016657763024417696,0.1690436266961158
2019,2,0.060972124274605626,0.8134824892498521,0.20521805688008063,0.7755856161267807,0.02643847923034798,0.1770367390848692
2019,2,0.09396649609814893,0.9203474233123955,0.1952294976861627,0.8198567023025785,0.01761242119041649,0.18433799367712958
2019,2,0.1341079652898997,0.7960144849182036,0.1370565208985779,0.771681652989894,0.0030945690643470357,0.1672448650969228
2019,2,0.22342024530683244,0.7514325068790896,0.22284516266414098,0.6821130299914067,0.0016162352902548654,0.15888120958687668
2019,2,0.6062942441568335,1.3454182088654507,0.5041955338474131,1.3037260455627113,-0.01144042549291587,0.19918812457821006
2019,2,0.14559550182095538,0.8260689198104836,0.18568324594611144,0.8061611004253104,0.009013902712997202,0.16924991041802342
2019,2,0.11903893583797241,0.8964822849538366,0.26706692849261443,0.8787298423370569,0.023524867126161617,0.18514044885722739
2019,2,0.31183815002441406,0.0,0.16082000732421875,0.0,-0.04155075550079346,0.0
2019,2,-0.21766376495361328,0.0,0.27281761169433594,0.0,0.07888388633728027,0.0
2019,2,3.176971435546875,0.0,-0.509735107421875,0.0,-0.4261932075023651,0.0
2019,2,0.7675876617431641,0.0,-0.8652629852294922,0.0,-0.269142746925354,0.0
2019,2,0.42063331604003906,0.0,-0.6820068359375,0.0,-0.20269626379013062,0.0
2019,2,3.080965042114258,0.0,-0.2808647155761719,0.0,-0.4920162558555603,0.0
2019,2,-0.9027042388916016,0.0,-0.27565956115722656,0.0,0.10934567451477051,0.0
2019,2,0.42839717864990234,0.0,0.9592266082763672,0.0,0.06655865907669067,0.0
2019,2,1.0910005569458008,0.0,1.1931514739990234,0.0,0.015714645385742188,0.0
2019,2,1.136631965637207,0.0,-0.1355915069580078,0.0,-0.23103314638137817,0.0
2019,2,-1.2282447814941406,0.0,-0.35955142974853516,0.0,0.13758260011672974,0.0
2019,2,0.9946575164794922,0.0,-0.5543365478515625,0.0,-0.2655602693557739,0.0
2019,2,-0.49954986572265625,0.0,1.1175251007080078,0.0,0.3158528804779053,0.0
2019,2,0.11081123352050781,0.0,1.4102897644042969,0.0,0.22082990407943726,0.0
2019,2,1.3171682357788086,0.0,0.08511161804199219,0.0,-0.23411637544631958,0.0
2019,2,-0.3157310485839844,0.0,-0.1633014678955078,0.0,0.014417707920074463,0.0
2019,2,1.2530627250671387,1.5089659690856934,1.3716459274291992,0.34710025787353516,0.03394433856010437,0.33471134305000305
2019,2,0.3482489585876465,0.7514195442199707,0.8331851959228516,0.016248703002929688,0.08590567111968994,0.1496596336364746
2019,2,1.2866439819335938,0.0,0.42070770263671875,0.0,-0.15179872512817383,0.0
2019,2,1.4593213399251301,0.6871058555163997,0.08810933430989583,0.22004874077285724,-0.24934921662012735,0.0933098014141107
2019,2,1.2229490280151367,0.0,-0.22020339965820312,0.0,-0.22464478015899658,0.0
2019,2,4.069166501363118,0.3650696402020939,1.1555372873942058,0.47098333407218984,-0.37856300671895343,0.038806866547643884
2019,2,1.9009056091308594,0.24294471740722656,0.905512809753418,0.40325260162353516,-0.16148826479911804,0.09367087483406067
2019,2,-0.5051088333129883,0.33197498321533203,0.08633136749267578,0.4905576705932617,0.09570667147636414,0.1336762011051178
2019,2,1.5035861333211262,0.40412032873266396,1.1179304122924805,0.29743362754142316,-0.08174695571263631,0.05947933594688748
2019,2,0.7387857437133789,0.2497720718383789,-0.5003342628479004,0.3595004081726074,-0.21348720788955688,0.0022682547569274902
2019,2,0.22420096397399902,0.568718634119662,0.8858230113983154,0.5735447556789028,0.11034849286079407,0.18200924116010858
2019,2,-0.004012107849121094,0.45255935139126674,0.03231112162272135,0.47244056781134314,0.003625591595967611,0.024045920766685623
2019,2,0.19212379455566406,0.4197071105720758,0.416063117980957,0.18999878326798028,0.034668254852294925,0.08134530649488327
2019,2,1.1323392391204834,0.23179237088313936,1.4548535346984863,0.8323660005612796,0.043285056948661804,0.10828056035693391
2019,2,1.1606860160827637,0.13290004190827368,1.4743781089782715,0.1565814810187434,0.042875707149505615,0.02450892148508503
2019,2,-0.4827890396118164,1.168852244287798,0.4855766296386719,0.8093568008522903,0.19919114112854003,0.3439685587528465
2019,2,0.7963812828063965,0.9586817260996144,-0.013179397583007813,0.4496376768567102,-0.13068737983703613,0.13322569018435085
2019,2,0.19255270276750838,0.9908229809807817,-0.7877793993268695,0.5274192145289521,-0.15877119132450648,0.16611393764488652
2019,2,0.02640974521636963,0.7492667170434896,0.028199315071105957,0.6018318529899628,0.012567512691020966,0.1812647225660899
2019,2,1.4722766876220703,1.1679061031216238,0.8766507042778863,0.5810325336833184,-0.10333494345347087,0.2641915809558829
2019,2,0.7966826915740967,0.7734283572813935,0.8587370872497558,0.22877459396557429,0.011059790849685669,0.12773961053132943
2019,2,0.0973557558926669,0.523882344033114,0.03685222972523083,0.6576512676209931,-0.01529019529169256,0.09851834200517183
2019,2,1.102076816558838,0.9261809608494291,-0.18880243301391603,0.8927292210928913,-0.17978477478027344,0.1775169801750475
2019,2,1.2750431941105769,0.8643208361419048,0.09279427161583534,0.3414962637821383,-0.20001814915583685,0.16779093673067713
2019,2,0.07761917616191663,0.9327799183647233,-0.09754080521432977,0.7624605133898343,-0.02359935484434429,0.17536654042337887
2019,2,1.003286361694336,0.0,1.5120677947998047,0.0,0.0741392970085144,0.0
2019,2,0.09331130981445312,0.0,-0.48706626892089844,0.0,-0.11218464374542236,0.0
2019,2,-0.891416072845459,0.0,-1.6949529647827148,0.0,-0.1374068260192871,0.0
2019,2,-0.4389667510986328,0.0,-0.13941001892089844,0.0,0.03827869892120361,0.0
2019,2,0.2226696014404297,0.0,2.2945594787597656,0.0,0.373714804649353,0.0
2019,2,-2.638599395751953,0.0,-1.3049812316894531,0.0,0.223798930644989,0.0
2019,2,-3.3172383308410645,0.0,-1.4083423614501953,0.0,0.24409186840057373,0.0
2019,2,0.8125853538513184,0.21587610244750977,0.4267139434814453,0.8460578918457031,-0.060988783836364746,0.16869914531707764
2019,2,0.8653671741485596,0.5375540256500244,-0.2633380889892578,0.5648593902587891,-0.15574118494987488,0.14626261591911316
2019,2,0.9125858306884765,0.5065232374888112,0.13279685974121094,0.3346673869579617,-0.12779679298400878,0.06055095434974964
2019,2,-1.4552476406097412,0.5618860001186372,0.27446770668029785,0.4656098590631747,0.31209930777549744,0.125130560637072
2019,2,0.6168579260508219,0.6484702181856822,0.6833437283833822,0.3783203059001814,0.006602307160695394,0.06413169043605367
2019,2,1.2419939041137695,0.543952578288827,-0.1272608439127604,0.7996982428571499,-0.257322092851003,0.1630060692713191
2019,2,0.9887631280081612,0.535407234002569,0.5135082517351423,0.3844077293426736,-0.0755487254687718,0.09461620695535553
2019,2,-0.5778071284294128,0.7505759937367033,0.38312315940856934,0.2926529771530292,0.14191652834415436,0.13395593242153014
2019,2,1.3550521677190608,0.4376295193070507,0.8122559460726652,0.7119007850822795,-0.07478715072978627,0.14018473122658398
2019,2,0.20718765258789062,0.9395076577001374,-0.09103232163649339,0.7280069724631443,-0.04389763795412504,0.21478156523004485
2019,2,0.5165262222290039,0.7753116328530167,0.5106556415557861,0.6852730676120469,0.008167549967765808,0.1893159035680294
2019,2,-0.43321385103113513,0.8878238130749793,0.5630801705753102,0.7274678483789904,0.17421559726490693,0.21975640110600886
2019,2,0.4587430953979492,0.0,0.6055526733398438,0.0,0.014629602432250977,0.0
2019,2,-0.043163299560546875,0.0,0.11923408508300781,0.0,0.009026885032653809,0.0
2019,2,1.2047557830810547,0.0,-0.10701179504394531,0.0,-0.24609559774398804,0.0
2019,2,-0.3380470275878906,0.0,0.6394519805908203,0.0,0.19439101219177246,0.0
2019,2,0.1742534637451172,0.0,0.26139259338378906,0.0,0.00888139009475708,0.0
2019,2,0.08966922760009766,0.0,-0.15224456787109375,0.0,-0.04860156774520874,0.0
2019,2,1.8244504928588867,0.0,0.321746826171875,0.0,-0.3008447289466858,0.0
2019,2,1.0110960006713867,0.0,-0.0573577880859375,0.0,-0.17744797468185425,0.0
2019,2,-0.003246307373046875,0.0,0.45989418029785156,0.0,0.06211519241333008,0.0
2019,2,-0.5580072402954102,0.0,-0.34173011779785156,0.0,0.034777283668518066,0.0
2019,2,0.5564546585083008,0.3951539993286133,-0.023749351501464844,0.048516273498535156,-0.08005347847938538,0.036414116621017456
2019,2,0.24906444549560547,0.0,1.7987442016601562,0.0,0.2733895778656006,0.0
2019,2,-1.5284576416015625,0.0,0.00090789794921875,0.0,0.28494250774383545,0.0
2019,2,-1.113966941833496,0.011780738830566406,-0.23023605346679688,0.13646697998046875,0.13583755493164062,0.02322840690612793
2019,2,0.07540559768676758,0.6838984489440918,-0.14590167999267578,0.35776805877685547,-0.051679909229278564,0.05466240644454956
2019,2,1.0842456817626953,0.6434516906738281,0.9179811477661133,0.03122997283935547,-0.034529030323028564,0.10968822240829468
2019,2,1.2432098388671875,0.006548881530761719,0.42047739028930664,0.4844059944152832,-0.14217373728752136,0.089040607213974
2019,2,-0.842005729675293,0.51104736328125,-0.10576820373535156,0.44497108459472656,0.13223540782928467,0.17322373390197754
2019,2,0.481533686319987,0.88753938633321,0.3127257029215495,0.9848602565760037,-0.018320997556050617,0.32248286071019844
2019,2,0.9240419864654541,0.19750924161361488,0.36615657806396484,0.4563069295060749,-0.11204241216182709,0.07146032695052922
2019,2,-1.1838221549987793,0.22131586074829102,0.6563510894775391,0.4541282653808594,0.308897465467453,0.1122640073299408
2019,2,0.7806525230407715,0.09667253494262695,-0.1194148063659668,0.035428524017333984,-0.1529553234577179,0.01708391308784485
2019,2,1.2735284169514973,0.3472215351166144,0.6433032353719076,0.3536954228363484,-0.10784244537353516,0.1113271416918652
2019,2,1.5057590802510579,0.6313255088450904,0.2692464192708333,0.8878829807322373,-0.16971760988235474,0.1470101853987383
2019,2,1.1720283508300782,0.7172586983132397,-0.8324588775634766,0.9304487060887751,-0.29800164699554443,0.15638022116650732
2019,2,-0.42794322967529297,1.7375423112323052,-0.6661529541015625,0.6045504554490714,-0.047155678272247314,0.2411617273885503
2019,2,2.341311772664388,0.22689776366884792,0.707402229309082,0.9322809120376465,-0.2336585521697998,0.09189091831353756
2019,2,1.3650224208831787,0.4246538784452196,0.1446974277496338,0.4892484356176234,-0.20876933634281158,0.11861105683607377
2019,2,1.6024852752685548,0.25983698580815917,0.16403026580810548,0.7349257620123512,-0.2137434959411621,0.10022900055674408
2019,2,-1.1241792678833007,0.6132923164286196,0.32732448577880857,0.2947348269462098,0.2402437686920166,0.14371569565933534
2019,2,0.6556660532951355,0.7340077896049731,-0.047202467918395996,0.9271966920653074,-0.10484054684638977,0.2329590935302792
2019,2,0.2465612292289734,0.5260372682348723,0.9270923137664795,1.332122092697469,0.11683592945337296,0.2186010448241042
2019,2,0.5489730834960938,0.7613721437831138,0.4359464645385742,0.6821858260353281,-0.021992283208029612,0.21648076828297985
2019,2,0.17342185974121094,0.9158802841344948,0.22446870803833008,0.6341660719421329,-4.197657108306885e-05,0.1086309102916855
2019,2,0.40875911712646484,0.6712226890393185,-0.0982293446858724,0.9833583168125342,-0.06287682056427002,0.17585543773424672
2019,2,0.07807765404383342,0.7187582228126054,-0.067229429880778,0.7657856845392498,-0.01727794607480367,0.1652088327550042
2019,2,-0.1976146697998047,0.0,0.4069995880126953,0.0,0.0727163553237915,0.0
2019,2,0.8570351600646973,0.9325079564785396,0.4124901294708252,0.617455454097034,-0.08080050349235535,0.043512724409591544
2019,2,0.057787513732910155,0.27575053172609343,-0.10573501586914062,0.6938869815656565,-0.008079493045806884,0.1315488110649676
2019,2,1.2219648361206055,0.0,-0.7114028930664062,0.0,-0.2876644730567932,0.0
2019,2,0.3829376220703125,1.2925712888598997,-0.2363525390625,0.17817067004009784,-0.10102105140686035,0.22083724556785225
2019,2,1.4209136962890625,0.6003361783917108,0.6644225120544434,0.6150323255388983,-0.11778242886066437,0.1780096788889057
2019,2,-0.2714459555489676,0.5739853465050903,0.15081827981131418,0.5144895605091321,0.06389942339488439,0.14707100078808572
2019,2,1.7175472577412922,0.7439623159002796,0.7611064910888672,0.5838505655000693,-0.163786252339681,0.1784251514876251
2019,2,-0.4547044038772583,0.7223461465417691,0.3188469409942627,0.2773706768684144,0.1300983875989914,0.11665826734636264
2019,2,0.15386903285980225,1.2024939812700055,0.13074833154678345,0.7374243072421982,0.003974970430135727,0.18646859157174403
2019,2,0.9020824432373047,0.6364622116088867,0.5052270889282227,0.08791637420654297,-0.06050041317939758,0.12091401219367981
2019,2,-0.09587265196300689,0.7626190370707084,0.12150246756417411,0.7063090122007839,0.033885444913591654,0.1381301780519561
2019,2,0.16146039962768555,0.7505812432497946,0.7944847742716471,0.5582217652251468,0.11161865128411187,0.125498109850725
2019,2,-0.12890625,0.0,0.7287540435791016,0.0,0.11114996671676636,0.0
2019,2,-1.0626215934753418,0.03776884078979492,-0.172088623046875,0.03948402404785156,0.1380043625831604,0.023692727088928223
2019,2,-0.7827350752694267,0.4416202990403733,-0.7095240184238979,0.428974092538894,0.001798255102975028,0.11377637018310723
2019,2,1.2801427841186523,0.0,-0.8959693908691406,0.0,-0.3827626705169678,0.0
2019,2,-0.4709033966064453,0.0,1.1828594207763672,0.0,0.24346065521240234,0.0
2019,2,1.573991298675537,0.0,0.21918010711669922,0.0,-0.20549309253692627,0.0
2019,2,0.7339987754821777,0.8850293159484863,-0.018629074096679688,0.38404083251953125,-0.1396515667438507,0.21716991066932678
2019,2,-0.2825202941894531,0.0,0.04195976257324219,0.0,0.038148462772369385,0.0
2019,2,0.9195461273193359,0.8035049438476562,-0.0027027130126953125,0.3951263427734375,-0.12093265354633331,0.15291918814182281
2019,2,-1.2306898832321167,0.4774677051423375,1.1053895950317383,0.5627543133493341,0.392780601978302,0.10554626501713336
2019,1,0.051835467886134176,0.8328094981523031,0.1443757594775987,0.7210354615403727,0.017617190695557918,0.17024720985761166
2019,1,0.6838612733063875,0.8042398242943802,0.36664160975703486,0.7409377482760614,-0.050486480748211895,0.1294307080245303
2019,1,0.254348879954854,0.6671313158207929,0.22790957278892643,0.7300156374903801,-0.0065139473461713945,0.1254980853614897
2019,1,0.3344671885172526,0.6557343377572964,0.05738700230916341,0.77570579290666,-0.0397564967473348,0.16083422726173563
2019,1,0.09473361702368523,0.8495543619756695,0.1751400583074071,0.8254827997358062,0.015426828232878026,0.1748638798943586
2019,1,0.21682515994522922,0.7670818315742717,0.4346505689990613,0.7544124271904862,0.03304644887761552,0.14781642486609745
2019,1,0.07559014510068972,0.8165480387404924,0.1815093412061478,0.8099960113160577,0.019691575385569225,0.1787492444866248
2019,1,0.5696912580920804,0.8478720495675495,0.29870094791535406,0.8382842285074591,-0.03874842197664322,0.18529589938299182
2019,1,0.28063123471268986,0.7703639886165828,-0.00046039296087817613,0.8131936040572934,-0.03810063032346351,0.1880464220254893
2019,1,0.13639910907995534,0.8093288793734126,0.12508817109410333,0.7627976246372311,0.0012121692279624162,0.16369213038843472
2019,1,0.3029277744577892,0.907528324454983,0.3707846342627682,0.8800381386424025,0.012670990958142636,0.1756351597570325
2019,1,0.2000268282052076,0.981263149328698,-0.16413206600661923,0.8566749282826127,-0.04677035416924644,0.1501496103406864
2019,1,0.11551552924557008,0.9885881220335174,0.5260874430338541,0.6798124928971087,0.07655062191728232,0.20362853550970375
2019,1,0.24579480865759065,0.9592936796979505,0.2172793582218782,0.8765809318401582,2.8799332685928424e-05,0.17299475206595574
2019,1,0.28340755462646483,0.9851789581119907,0.1457296657562256,0.7753265391019096,-0.013765180110931396,0.16968218810906693
2019,1,-0.08432199404789852,0.7237302013645927,-0.2561906423324194,0.6882310483174418,-0.01916372470366649,0.14209980175928272
2019,1,0.19746375713093758,0.8616022229898228,0.1332860956722,0.8030284768504208,-0.005039069416433416,0.17033557843304947
2019,1,-0.19750802413277005,0.5673883087520566,0.26938276705534564,0.7661601595295288,0.07032466971355936,0.14694790762954119
2019,1,0.10060211001695621,0.8210499017975882,0.1362096453467981,0.8011639662235325,0.008627236252206879,0.17104383830956432
2019,1,0.27358389704825625,0.971026097867268,0.19906525765381483,0.9715611821944984,-0.009388645388486742,0.18860520356724528
2019,1,-0.15185121048328487,1.0487140135836888,-0.2579987991687863,0.8078823124679402,-0.01501081433407096,0.18180182721927088
2019,1,0.14731669629740918,0.795537502975544,0.16360162638426612,0.7997611496814383,0.0054604130932408524,0.17628737031469918
2019,1,0.11163851483982412,0.776666185281238,0.14204301306949788,0.7515512907325227,0.009212205757447823,0.16858298447918893
2019,1,0.09041628529203019,0.8196669472515713,0.08395379402848463,0.7991348933784458,0.002006855520774842,0.1744117957537006
2019,1,0.3012713704790388,0.5985201916668754,0.3105616569519043,0.5993641350720676,-0.0004956466811043876,0.14295561953927838
2019,1,0.21330558120934673,0.7995642678235789,0.2046784505944806,0.7265348637449877,0.0006989361114271806,0.17276720714972954
2019,1,0.14140758139123122,0.8372980867136424,0.17891729881813956,0.8166147154951352,0.00868211460892371,0.17050307289859643
2019,1,0.1454646652167094,0.8149604332687356,0.20164068131307064,0.8043226886203549,0.011733500407174786,0.1719338321094121
2019,1,-0.26523907044354605,0.7485851989547496,0.6175908481373507,0.8438907934319458,0.13616601158590877,0.1463446085795699
2019,1,0.0715197007433116,0.80536192131062,0.15043511400041898,0.7887016425474017,0.01541776388903082,0.17072512815005927
2019,1,0.15071902617565175,0.8063648788476045,0.1783052307466117,0.7937296082230961,0.0067772819192369995,0.16901025262430067
2019,1,0.25591319316142314,0.8807310316595467,0.23832565170150619,0.7023566981750148,-0.0016854217460563592,0.16246367281113944
2019,1,0.11362248388600385,0.8290012541580306,0.11909072302561845,0.7929223114904128,0.0038133665897486673,0.1765233979325024
2019,1,0.13128329105661007,0.8058511043289543,0.14688805726450888,0.8026035365318048,0.005631624522834398,0.1725253311073304
2019,1,0.14794305948829778,0.8231793618604157,0.08569673133284139,0.8012737897803567,-0.005653328235921097,0.16724230388153083
2019,1,0.09987379876014447,0.8175383142510558,0.10137089055995732,0.7872432243286447,0.0030432605132912523,0.17103768202398828
2019,1,0.1523458639325962,0.8435004480669752,0.10867677549942348,0.8143383304211832,-0.0028587064369481256,0.16918782753956368
2019,1,0.6255178451538086,0.0,-0.09464454650878906,0.0,-0.12602227926254272,0.0
2019,1,0.12267494201660156,0.0,0.03981590270996094,0.0,-0.031875669956207275,0.0
2019,1,-1.0082550048828125,0.0,0.3218088150024414,0.0,0.1567080020904541,0.0
2019,1,-1.3514528274536133,0.0,-0.7514190673828125,0.0,0.07220488786697388,0.0
2019,1,1.7081732749938965,0.5381112098693848,-0.8156719207763672,0.5178012847900391,-0.36864691972732544,0.014404714107513428
2019,1,-0.11148180280412946,0.7103910865549639,-0.7763609204973493,0.5082207719740793,-0.12643687214170182,0.08632085395912684
2019,1,1.124121856689453,0.9498571776912902,0.02041311264038086,0.5024430347687037,-0.1736814260482788,0.18231192458487896
2019,1,1.0049864451090496,0.9034426734545586,0.048258569505479604,0.6020597095692597,-0.13564923074510363,0.14466086969592318
2019,1,-1.193375587463379,0.0,1.1325950622558594,0.0,0.37487030029296875,0.0
2019,1,0.9476032257080078,0.0,-0.08001899719238281,0.0,-0.15903747081756592,0.0
2019,1,1.5485706329345703,0.0,-0.6557817459106445,0.0,-0.3715689182281494,0.0
2019,1,2.0385589599609375,0.0,-0.6408939361572266,0.0,-0.46553534269332886,0.0
2019,1,0.8069095611572266,0.0,-1.5805940628051758,0.0,-0.3709535002708435,0.0
2019,1,0.26824474334716797,0.0,0.20832443237304688,0.0,-0.020958423614501953,0.0
2019,1,1.0092525482177734,0.0,-0.74835205078125,0.0,-0.2995331883430481,0.0
2019,1,0.8051962852478027,0.0,0.17459487915039062,0.0,-0.11007148027420044,0.0
2019,1,-1.3701648712158203,0.0,-0.8714580535888672,0.0,0.07799571752548218,0.0
2019,1,-1.0822010040283203,0.0,-0.6776695251464844,0.0,0.062062621116638184,0.0
2019,1,-0.28392887115478516,0.30177783966064453,0.12939929962158203,0.13193225860595703,0.04042670130729675,0.08101919293403625
2019,1,0.4532327651977539,0.0,1.6370849609375,0.0,0.17920255661010742,0.0
2019,1,0.828676700592041,0.26284170150756836,0.8783454895019531,0.41576576232910156,0.005939662456512451,0.031460583209991455
2019,1,0.8688855171203613,0.1727595329284668,-0.3203134536743164,1.0985116958618164,-0.17950350046157837,0.1327115297317505
2019,1,0.3293900489807129,0.7675464548168429,-0.15990877151489258,0.27819725089685565,-0.049906350672245026,0.12614949789219396
2019,1,0.45344114303588867,0.07683324813842773,0.004757881164550781,0.15650653839111328,-0.09608596563339233,0.023800909519195557
2019,1,0.4063453674316406,0.26083908145358325,-0.28807878494262695,0.6837587826091749,-0.097765251994133,0.09794854726658389
2019,1,1.5678014755249023,0.5792147690152082,-0.2691333770751953,0.7496665326667175,-0.3562680006027222,0.12009923112596374
2019,1,0.5101280212402344,1.2176525987168723,-0.2713913917541504,0.5140808059938446,-0.14796395599842072,0.21875148865568944
2019,1,-0.8359496593475342,0.37961568103147,-0.4759675661722819,0.46529077205244407,0.06358477473258972,0.1384662790121634
2019,1,1.5472595691680908,1.0623960856393846,0.13396048545837402,0.5726160570854357,-0.2657487988471985,0.12182574083042727
2019,1,-0.3252089364188058,0.5183713371142907,0.35492147718157085,0.3677640900903939,0.10766673939568656,0.1301364550505187
2019,1,0.35451167821884155,0.9999037127873374,0.3601200580596924,0.33036559793866327,-0.0008638948202133179,0.17155055309343747
2019,1,0.6971684296925863,1.0674182812362398,0.306060791015625,0.31269824840737676,-0.06194072961807251,0.15646883193748848
2019,1,0.18999487161636353,0.7817169466756715,1.5106778144836426,0.4535640638154136,0.24018077552318573,0.21632060056080715
2019,1,-0.04054106198824369,0.7027141611030957,1.0659334476177509,1.0741692313604951,0.18721235715425932,0.2690551408399134
2019,1,-0.12172870635986328,0.5270668977982663,0.8971117973327637,0.8277824647015798,0.17838664054870607,0.2047432680097438
2019,1,-0.13346576690673828,0.0,-0.6459465026855469,0.0,-0.08068591356277466,0.0
2019,1,0.46991920471191406,0.0,-0.4654045104980469,0.0,-0.16279125213623047,0.0
2019,1,1.1030921936035156,0.0,0.6196479797363281,0.0,-0.10169637203216553,0.0
2019,1,-1.505019187927246,0.0,0.4611063003540039,0.0,0.33338993787765503,0.0
2019,1,0.3821249008178711,0.0,1.6778850555419922,0.0,0.2504807710647583,0.0
2019,1,0.6202011108398438,0.0,0.744537353515625,0.0,0.007884323596954346,0.0
2019,1,2.559084892272949,0.0,-1.326681137084961,0.0,-0.47203266620635986,0.0
2019,1,-0.4759063720703125,0.8173484802246094,-0.3187379837036133,0.30089282989501953,0.049597084522247314,0.20461374521255493
2019,1,-0.7777690887451172,0.0,-0.6594667434692383,0.0,0.01741945743560791,0.0
2019,1,0.8020181655883789,0.24523512119968896,0.4618660608927409,0.6644855280887803,-0.06394243240356445,0.06602768521820924
2019,1,0.9857979615529379,0.37932034225689576,0.5643161137898763,0.6213015502101703,-0.0578501025835673,0.10816895808592215
2019,1,0.7508703867594401,0.6712329893342522,-0.5023519198099772,0.8629592276347243,-0.1973283290863037,0.09540095809613833
2019,1,0.025048542022705077,0.8106109228940127,0.7610738754272461,0.6345467581730319,0.12463941574096679,0.18369753106503636
2019,1,0.8933478907534951,0.5640029529643978,0.5517461676346628,0.9596488816548527,-0.06351780891418457,0.15875791888809654
2019,1,-0.08658701440562373,0.9640293605928344,-0.029396264449409817,0.6391758871842473,0.0065479615460271425,0.19072947225464626
2019,1,-0.13732147216796875,0.0,-0.5410594940185547,0.0,-0.07507491111755371,0.0
2019,1,0.011756420135498047,0.5244526863098145,0.380307674407959,0.4634385108947754,0.04389691352844238,0.015339553356170654
2019,1,0.8335653940836588,0.5041758792450687,0.2000422477722168,0.7453279358471884,-0.09670294324556987,0.10233559750407807
2019,1,0.979670524597168,0.0,0.13764381408691406,0.0,-0.12258505821228027,0.0
2019,1,-1.2029838562011719,0.0,1.5080327987670898,0.0,0.5131382942199707,0.0
2019,1,0.46857461929321287,0.7222788101266505,0.9451505661010742,0.163814803084784,0.061087942123413085,0.10336951174409073
2019,1,0.24364948272705078,0.0,1.4997453689575195,0.0,0.2435246706008911,0.0
2019,1,1.4345817565917969,0.0,0.23032188415527344,0.0,-0.18482553958892822,0.0
2019,1,-0.04686403274536133,0.7389464437578992,0.013640403747558594,0.7661265538516931,0.01855226755142212,0.2612244718952336
2019,1,0.5485877990722656,0.0,-0.7376174926757812,0.0,-0.212294340133667,0.0
2019,1,0.5202445983886719,0.0,-0.6846103668212891,0.0,-0.18745112419128418,0.0
2019,1,0.8115835189819336,0.0,0.2431354522705078,0.0,-0.11304080486297607,0.0
2019,1,1.2832305431365967,0.1657365416682515,-0.72389817237854,0.6087035114005004,-0.30421558022499084,0.05761628892661782
2019,1,-0.24019495646158853,0.20926465126654328,1.0284048716227214,0.22728746059938884,0.22034664948781332,0.07351269083949526
2019,1,1.1789959907531737,0.739412192803886,-0.16538944244384765,0.34962334730894895,-0.21510009765625,0.1499605956424035
2019,1,0.23385127385457358,1.0349633481475846,-0.12439477443695068,0.5155440783200452,-0.051002055406570435,0.19029640304949028
2019,0,0.807882492221048,0.9816571025746719,-0.0298421371386247,0.6702441045008176,-0.12298449661164788,0.16438886305028352
2019,0,-0.018364413417895676,1.0772549105726787,-0.19122914691967866,1.032298246373733,-0.02365013624116866,0.16989582809732548
2019,0,-0.07903534675630795,0.9192847627064494,-0.4238260788856321,0.8013001274728021,-0.04816092302047577,0.1607704281160266
2019,0,0.12505754453625564,0.8446700579098151,0.0780581278318922,0.8600899147026906,-0.004518202033493266,0.15859542736762836
2019,0,1.4264412201883194,0.9557253063066395,0.05624673020115567,0.6706374308565756,-0.2019878711042029,0.16289656152713788
2019,0,0.36184143115667877,0.9226435111332428,0.09216540944425528,0.7940461841807434,-0.040801492916309356,0.18274745622360533
2019,0,-0.1890553085633998,1.0056787895542036,-0.21905524551977404,0.9813520403338369,-0.0010490827194297554,0.1893572606417884
2021,3,-0.20004103615275928,0.747510943541781,-0.13868025762946543,0.7182285399785037,0.007634099385782883,0.1504147002115692
2021,2,-0.11615781784057617,0.7689481670168805,-0.029251444339752197,0.7663684651549134,0.012232762575149537,0.1180025020340046
2021,2,-0.34518778164184954,0.7645436284329061,-0.25767718945924767,0.7276202056634224,0.01056981771343554,0.15265630310351241
2021,2,-2.347148895263672,0.0,0.49246978759765625,0.0,0.5043991208076477,0.0
2021,2,-0.4215269088745117,0.0,0.11836624145507812,0.0,0.07029581069946289,0.0
2021,2,-0.3163241744041443,0.6061406759326853,0.10962003469467163,0.5549722307379897,0.06242724880576134,0.12987551614357928
2021,2,-0.32124795868065936,0.7129334736752238,-0.26738760916239906,0.6833203877482978,0.006758738932997416,0.1506069605439762
2021,2,-0.3574012665887088,0.7911036558588981,-0.2270487894576716,0.7513391047866684,0.017594975563098282,0.1541590064528374
2021,2,-0.23593129769153692,0.7771358418849951,-0.037578302262578044,0.755739464772866,0.027101552300815575,0.15387067994139175
2021,2,-0.2662449520564078,0.724239816445226,-0.17004430425280936,0.7048200323924949,0.01300465041209835,0.15024407844413692
2021,2,0.051717584783380684,0.5180846264724066,0.6175267479636453,0.7866946893311768,0.0871855074709112,0.17364383186797475
2021,2,-0.3098481810919129,0.8694392331752552,-0.3624597681630956,0.8529359389902312,-0.0026390552520751953,0.15732762741737147
2021,2,-0.14598464965820312,0.0,-1.9407615661621094,0.0,-0.2653194069862366,0.0
2021,2,-0.6979026794433594,0.0,-0.8728179931640625,0.0,-0.037229180335998535,0.0
2021,2,-0.4787721633911133,0.15636730194091797,-1.2242679595947266,0.005458831787109375,-0.1425657868385315,0.034793198108673096
2021,2,0.4952850341796875,0.3402442932128906,-0.051102638244628906,0.1286020278930664,-0.09704974293708801,0.06825366616249084
2021,2,-0.24901413917541504,0.6828148371548279,-0.672584056854248,0.398169858422831,-0.09469562768936157,0.1286942762993139
2021,2,-1.1636266708374023,0.0,-0.31609535217285156,0.0,0.1159791350364685,0.0
2021,2,-0.4755373001098633,0.9813143447364769,-0.7778608322143554,0.2469258069453099,-0.039600682258605954,0.18032074586331426
2021,2,-1.717811039515904,0.7447147215151437,-0.27476474217006136,0.5814965576869912,0.2426713534763881,0.18237241572260218
2021,1,0.5533866882324219,0.0,1.0087242126464844,0.0,0.06173497438430786,0.0
2021,1,-0.15749311447143555,0.8473518151667613,-1.2089611689249675,0.5144133508693013,-0.15235155820846558,0.07190628753711104
2021,1,-0.11728083569070567,0.701372720700833,0.3529068076092264,0.5116771523871315,0.0713736803635307,0.16446694225854963
2021,1,1.5695037841796875,0.0,-0.010707855224609375,0.0,-0.2584337294101715,0.0
2021,1,3.7944531440734863,0.0,2.130002021789551,0.0,-0.2701225280761719,0.0
2021,1,0.7745046615600586,0.19917678833007812,-1.3797836303710938,0.11931419372558594,-0.31287267804145813,0.023905068635940552
2021,1,0.7900409698486328,1.134463742248202,-0.4117561976114909,0.6586445028467509,-0.17408394813537598,0.08483948345284152
2021,1,-0.2485124951317197,0.8569726185410369,0.011823654174804688,0.599614275278161,0.0426720210484096,0.1516423663863091
2021,1,-0.4840242004394531,0.48624993864490185,0.0010581207275390625,0.7484132382275521,0.06248014450073242,0.1275121152661019
2021,1,0.036219120025634766,0.3912305772291216,-0.03961388270060221,0.4618572213328388,-0.01796873410542806,0.10401834258241736
2021,1,0.8947830200195312,0.0,-0.9477481842041016,0.0,-0.2921765446662903,0.0
2021,1,0.24094009399414062,0.0,0.10672473907470703,0.0,-0.03913617134094238,0.0
2021,1,-1.7372798919677734,0.0,-0.23988723754882812,0.0,0.24378031492233276,0.0
2021,1,-0.036910057067871094,0.0,0.10589599609375,0.0,0.01821833848953247,0.0
2021,1,-0.43795108795166016,0.0,0.3007392883300781,0.0,0.13676095008850098,0.0
2021,1,-0.8457136154174805,0.0,0.2557659149169922,0.0,0.17199206352233887,0.0
2021,1,-1.1093873977661133,0.0,1.2617931365966797,0.0,0.3898109793663025,0.0
2021,1,0.4579811096191406,0.0,0.13318443298339844,0.0,-0.07274729013442993,0.0
2021,1,-0.5414619445800781,0.0,0.4221363067626953,0.0,0.1679062843322754,0.0
2021,1,-0.273681640625,0.0,-0.6822376251220703,0.0,-0.08711802959442139,0.0
2021,1,-2.248506546020508,0.0,-0.4904041290283203,0.0,0.33280789852142334,0.0
2021,1,-3.495573043823242,0.0,-0.13550376892089844,0.0,0.6004501581192017,0.0
2021,1,-0.7498579025268555,0.0,-0.4845924377441406,0.0,0.03426080942153931,0.0
2021,1,0.0990142822265625,0.0,-0.7188262939453125,0.0,-0.13743406534194946,0.0
2021,1,-0.5244903564453125,0.0,0.3120145797729492,0.0,0.14890217781066895,0.0
2021,1,-1.6908893585205078,0.0,-0.9633197784423828,0.0,0.11568975448608398,0.0
2021,1,-0.7252273559570312,0.0,-0.4347972869873047,0.0,0.04587674140930176,0.0
2021,1,-0.8160791397094727,0.0,-0.5754375457763672,0.0,0.023317337036132812,0.0
2021,1,0.6285848617553711,0.0,0.1630706787109375,0.0,-0.08237063884735107,0.0
2021,1,-0.1956319808959961,0.0,0.4788093566894531,0.0,0.12874507904052734,0.0
2021,1,-0.8006219863891602,0.0,-0.2806205749511719,0.0,0.09039807319641113,0.0
2021,1,-0.7768783569335938,0.0,-0.7487144470214844,0.0,0.004051148891448975,0.0
2021,1,-0.8441219329833984,0.0,-0.38573265075683594,0.0,0.06218332052230835,0.0
2021,1,0.4767112731933594,0.0,0.38579559326171875,0.0,-0.023892998695373535,0.0
2021,1,0.3677806854248047,0.0,-0.24919891357421875,0.0,-0.11890721321105957,0.0
2021,1,-1.4785404205322266,0.0,0.6821613311767578,0.0,0.3958636522293091,0.0
2021,1,4.841529846191406,0.0,0.6987953186035156,0.0,-0.6127545833587646,0.0
2021,1,1.1364984512329102,0.0,1.2525262832641602,0.0,0.012681722640991211,0.0
2021,1,-0.8855009078979492,0.0,-0.16534805297851562,0.0,0.1136782169342041,0.0
2021,1,-1.4211769104003906,0.0,-0.13818931579589844,0.0,0.223191499710083,0.0
2021,1,-0.6126799583435059,0.0,-0.15375614166259766,0.0,0.06421494483947754,0.0
2021,1,-1.1551589965820312,0.0,0.4514045715332031,0.0,0.2237061858177185,0.0
2021,1,-0.8801965713500977,0.0,-1.0820980072021484,0.0,-0.04145842790603638,0.0
2021,1,3.282029151916504,0.0,0.2964973449707031,0.0,-0.49648523330688477,0.0
2021,1,-0.6846332550048828,0.0,-0.8262157440185547,0.0,-0.04175615310668945,0.0
2021,1,-0.4892454147338867,0.0,-0.09586906433105469,0.0,0.04396897554397583,0.0
2021,1,0.8431520462036133,0.0,0.28304290771484375,0.0,-0.09332394599914551,0.0
2021,1,-0.3756694793701172,0.0,-0.06653785705566406,0.0,0.03951418399810791,0.0
2021,1,0.26711368560791016,0.0,0.1831340789794922,0.0,-0.020011723041534424,0.0
2021,1,-0.2717127799987793,0.0,-0.8020029067993164,0.0,-0.08915293216705322,0.0
2021,1,-0.21876907348632812,0.0,0.18517303466796875,0.0,0.06644761562347412,0.0
2021,1,0.6229028701782227,0.0,-0.8592033386230469,0.0,-0.24419057369232178,0.0
2021,1,-0.10487079620361328,0.0,0.4486503601074219,0.0,0.08758872747421265,0.0
2021,1,1.0787343978881836,0.0,-0.47420310974121094,0.0,-0.28468555212020874,0.0
2021,1,-0.2376394271850586,0.2858848571777344,0.036528587341308594,0.6103830337524414,0.026899635791778564,0.04547595977783203
2021,1,-0.9630718231201172,0.0,-0.5573940277099609,0.0,0.062265992164611816,0.0
2021,1,-0.2969789505004883,0.0,-0.150665283203125,0.0,0.01989203691482544,0.0
2021,1,0.2503662109375,0.0,-0.4010486602783203,0.0,-0.12174874544143677,0.0
2021,1,0.03857231140136719,0.0,0.57794189453125,0.0,0.09648644924163818,0.0
2021,1,0.11938810348510742,0.4428086280822754,0.5694808959960938,0.298248291015625,0.0588245689868927,0.11271730065345764
2021,1,-0.09081888198852539,0.0,0.4548501968383789,0.0,0.08357173204421997,0.0
2021,1,0.8196635246276855,0.6594176292419434,0.8462591171264648,0.45856189727783203,-0.009938716888427734,0.03789639472961426
2021,1,-1.1684508323669434,0.25792932510375977,-1.9281558990478516,0.3216533660888672,-0.15035158395767212,0.004577219486236572
2021,1,-0.793431282043457,0.43361854553222656,0.14652633666992188,0.15818405151367188,0.14719295501708984,0.05111217498779297
2021,1,-1.6524600982666016,0.2404956817626953,-0.35686779022216797,0.1985311508178711,0.20311126112937927,0.07977089285850525
2021,1,-1.3655414581298828,0.0,-1.4841670989990234,0.0,-0.037766098976135254,0.0
2021,1,1.3729562759399414,0.0,1.0346965789794922,0.0,-0.09965401887893677,0.0
2021,1,-0.28356122970581055,0.016880512237548828,0.10617637634277344,0.47702598571777344,0.07366594672203064,0.09055724740028381
2021,1,-0.3929276466369629,0.0,-0.03691291809082031,0.0,0.03013819456100464,0.0
2021,1,-0.8549518585205078,0.0859689712524414,0.2048807144165039,0.25197696685791016,0.18874973058700562,0.032881081104278564
2021,1,-2.0590591430664062,0.0,-0.3584861755371094,0.0,0.25405174493789673,0.0
2021,1,-0.409454345703125,0.0,-1.312753677368164,0.0,-0.13286519050598145,0.0
2021,1,0.673029899597168,0.0,-0.04534339904785156,0.0,-0.1268255114555359,0.0
2021,1,-0.5795750617980957,0.7806658744812012,-0.42814159393310547,0.14519405364990234,0.03510376811027527,0.12031164765357971
2021,1,-1.0980555216471355,0.27289277358087577,-0.1822795867919922,0.10208704688240176,0.17148399353027344,0.0739599616311934
2021,1,-0.21708202362060547,0.0,-0.3571815490722656,0.0,-0.03000771999359131,0.0
2021,1,-1.1753730773925781,0.38808155059814453,1.0786075592041016,0.10240554809570312,0.35121771693229675,0.09339490532875061
2021,1,-1.094602108001709,0.5821185111999512,-0.1670827865600586,0.033469200134277344,0.13757887482643127,0.10830596089363098
2021,1,-1.0062236785888672,0.42743682861328125,-0.19813919067382812,0.49939537048339844,0.14682385325431824,0.024900704622268677
2021,1,-0.7960208257039388,0.47492377401020874,0.3498528798421224,0.2440820831470798,0.15680460135142008,0.048495280598566226
2021,1,-1.3256330490112305,0.02551746368408203,-0.5243005752563477,0.050276756286621094,0.11646687984466553,0.009098827838897705
2021,1,0.5600309371948242,0.7435693740844727,-0.254638671875,0.07897186279296875,-0.1563112735748291,0.12735426425933838
2021,1,0.09982442855834961,0.5259607191383798,-0.3500843048095703,0.6857804431179156,-0.060850970447063446,0.043431914463314986
2021,1,0.15361785888671875,0.1944265365600586,-0.5173425674438477,0.27733516693115234,-0.13558608293533325,0.004747450351715088
2021,1,-1.4417715072631836,0.15735094899734509,-0.2690582275390625,0.14122902351448757,0.19574785232543945,0.008659654907145405
2021,1,-0.28296828269958496,0.283878644390342,-0.8256916999816895,0.2555804831146167,-0.08557432889938354,0.05256536805053605
2021,1,-1.39955472946167,0.6970907701776474,0.5253238677978516,0.6567631698403358,0.3629112243652344,0.25381204462746415
2021,1,-0.7644262313842773,0.32057857513427734,-0.7796683311462402,0.2264266014099121,-0.010829567909240723,0.07312875986099243
2021,1,-1.0268761316935222,0.32206944511292956,-0.5150575637817383,0.4683731754986012,0.06690696875254314,0.08635425645617323
2021,1,0.3631763458251953,0.9679220693733246,1.0512580871582031,0.43282494329912574,0.10064047574996948,0.19169465785552633
2021,1,-0.7989288965861002,0.19152300871144512,-0.4020709991455078,0.37966941934687515,0.07067726055781047,0.07602693896786346
2021,1,-0.3927032947540283,0.356946269436944,-0.4698934555053711,0.3025095186816528,-0.010496646165847778,0.10003437151231032
2021,1,-0.5358572006225586,0.34386444091796875,0.7200746536254883,0.2966184616088867,0.19724079966545105,0.0181407630443573
2021,1,0.05147743225097656,0.9247574802986285,-0.06691951751708984,0.43926074223509487,-0.027205300331115723,0.16371247640064945
2021,1,-1.0751574834187825,0.3288804633852357,-0.4159463246663411,0.6477973988113993,0.09734509388605754,0.10380761981957373
2021,1,-1.5191551208496095,0.502694506446018,-0.4869588851928711,0.5369754808113116,0.17213449478149415,0.16179861536778967
2021,1,-1.2970857620239258,0.21771526336669922,-0.4958333969116211,0.05126476287841797,0.13748419284820557,0.052344441413879395
2021,1,0.4569816589355469,0.671117579284865,0.3695969581604004,0.4756541855195837,-0.014190226793289185,0.08090230761090682
2021,1,-1.505336380004883,0.5937410538224516,-0.6225662231445312,0.40362795805294444,0.15346767902374267,0.11810186807949347
2021,1,-0.5733685493469238,0.28732820978994134,-0.425220251083374,0.29190211603728594,0.010534003376960754,0.04926554458802711
2021,1,-1.6066703796386719,0.8402586161526844,-0.2166759490966797,0.5323676734014128,0.24558963775634765,0.2122468617581971
2021,1,-1.2426141103108723,0.20810220325845888,0.10714658101399739,0.2895119611660617,0.2000310222307841,0.04777777507915553
2021,1,-0.9270587921142578,0.4370660421830215,0.8967828750610352,0.3530786925178682,0.356083607673645,0.09520732920256784
2021,1,-2.0113818645477295,0.13643637739224673,0.5056607723236084,0.2116825353797956,0.3849744200706482,0.03880168440060789
2021,1,-1.0095516840616863,0.6706358418323423,0.5868616104125977,0.6014556076493098,0.3077700734138489,0.2561146069597987
2021,1,-0.8552329540252686,0.8228801108079361,0.30634140968322754,0.33369872462430045,0.2060275673866272,0.18328690326487132
2021,1,-0.8086092472076416,0.33128066958128305,-1.0306532382965088,0.47031710422725365,-0.0488460510969162,0.11308392039751143
2021,1,-0.44974398612976074,0.2716465318652475,-0.39943528175354004,0.10720312252746021,-0.010596215724945068,0.03436334649167169
2021,1,-0.3498683929443359,0.47781435130576505,-0.4447166442871094,0.41124718994925114,-0.030058073997497558,0.12002251475236597
2021,1,-1.0452157020568849,0.34244981412004616,0.7263433456420898,0.39161895673077834,0.31465892791748046,0.06204874288997761
2021,1,-0.9778858184814453,0.5690483513122337,0.15091323852539062,0.1998208955539288,0.19413530826568604,0.06983903809617532
2021,1,0.8144613265991211,0.5287381448420172,-0.04051685333251953,0.4258612603125488,-0.14523981809616088,0.07231419658105726
2021,1,0.05040844281514486,0.2605799235742237,0.20628531773885092,0.150883067115255,0.018990904092788696,0.05390802407121053
2021,1,-1.0244202613830566,0.3453820339988449,-0.08911466598510742,0.509570155774798,0.16297006607055664,0.04619141934348228
2021,1,-0.1766057809193929,0.4287241029836576,-0.4779163996378581,0.5154604065373771,-0.05757683515548706,0.10127646344400427
2021,1,-0.5378089904785156,0.4205500875972239,-0.650214958190918,0.33712357567522,-0.02365010976791382,0.03161385464239376
2021,1,6.10653559366862,0.7369606865372359,2.769190470377604,0.8734372203401874,-0.4434290329615275,0.13544851494851545
2021,1,0.21247013409932455,0.211741710982601,-0.49321826299031574,0.7132138941468515,-0.07279620071252187,0.06653184548141441
2021,1,-2.090235710144043,0.6346694819863364,0.0658731460571289,0.46148761951625666,0.4059857726097107,0.17103403171348724
2021,1,-0.7874036516462054,0.7540130851336789,-0.671839714050293,0.7314713935915584,0.01738053560256958,0.18765145272354938
2021,1,-1.211829662322998,0.5446998680411466,-0.535765012105306,0.30715106427331873,0.11034528414408366,0.12640199946368197
2021,1,-0.09602710178920201,0.379365170709552,-0.555563245500837,0.4579294985849237,-0.0867195895739964,0.04541686822274159
2021,1,-0.35833199818929035,0.6698911885736305,-0.1741940180460612,0.2963359453908509,0.021401007970174152,0.11895768909008854
2021,1,-0.8816307612827846,0.36325115392178686,-0.03695079258510044,0.4483915587446412,0.1300578202520098,0.08533792061097999
2021,1,-0.2889472416469029,0.7742436355978405,-0.33237089429582867,0.46896699114227597,-0.009104200771876745,0.0706953420395881
2021,1,-0.23656614621480307,0.7527263251272691,0.49921607971191406,0.43271729643002893,0.1228020191192627,0.12292854836909879
2021,1,-0.6182094301496234,0.2142296378674349,-0.8036625725882394,0.46520353499615164,-0.03647652694157192,0.09430163711247265
2021,1,-0.16482198238372803,0.5066757072621662,0.10886263847351074,0.5608203188603041,0.03314444422721863,0.09493536940411734
2021,1,-0.8862572312355042,0.5938907760223607,0.7205963134765625,0.8160501961304822,0.27567270398139954,0.22263353069554473
2021,1,0.20567286014556885,0.616745288990934,0.06146562099456787,0.552207840413306,-0.029955975711345673,0.09913603560813378
2021,1,-0.6627678871154785,0.5017327633660305,-0.2562020619710286,0.7589216756139481,0.07178148627281189,0.1474760167791558
2021,1,-0.5300773978233337,0.6828869377421867,0.027801156044006348,0.6840534242187702,0.08008784055709839,0.0946604793833822
2021,1,0.4088383913040161,0.37295609442556493,-0.20486795902252197,0.8369118533037536,-0.10450594127178192,0.13883145672238237
2021,1,0.01594241460164388,0.5171259129529309,-0.8695880042182075,0.7935918364799626,-0.14937109417385525,0.08818372454719207
2021,1,0.6632353994581435,0.4777535484747841,-0.33883847130669487,0.7469823252821985,-0.16676154401567247,0.17329988286853593
2021,1,-0.9859405245099749,0.16157901603762947,0.0987497057233538,0.4651641116495096,0.18202202660696848,0.08640361498305515
2021,1,-0.07161580191718207,0.2074143812905237,-0.6841887368096246,0.6390009724228011,-0.09809311230977376,0.11873940757677996
2021,1,-0.49753594398498535,0.4829819759298752,-0.6608762741088867,0.5639179609556907,-0.03182332217693329,0.09249364194361558
2021,1,-0.5791879230075412,0.5818453948140891,-0.6347639295789931,0.5631196969292108,-0.015651411480373807,0.1370152744051442
2021,1,-1.1088218688964844,0.4523189456595968,-0.5117688179016113,0.6033239354621939,0.08568761497735977,0.14687476207596942
2021,1,-0.2606605182994496,0.7198671780187805,-0.19024892286820846,0.523770738699043,0.010452557693828236,0.12843897982642088
2021,1,-0.7234369913736979,0.47130255478264693,-0.4945243199666341,0.645438377624341,0.030844847361246746,0.10971552968826895
2021,1,-0.7496116344745343,0.3979559418603564,-1.1666152660663311,0.6274340450045497,-0.07409716569460355,0.08084261923298497
2021,1,-0.654431416438176,0.7373588551200835,0.29081036494328427,0.5185152599410193,0.16328030366163987,0.1687630908362828
2021,1,-0.62871580857497,0.5724467099319905,-0.27476956294133115,0.7854422545260027,0.04567879896897536,0.12821716932526672
2021,1,0.28350629806518557,0.5826319485355816,-0.3092861811319987,0.6169049517748167,-0.10751504898071289,0.15893891777216634
2021,1,-0.17793309688568115,0.4093661505875888,-0.3801664710044861,0.748254930724604,-0.036736901849508286,0.12600280543511835
2021,1,0.09088906119851504,0.9056741918136739,-0.24580097198486328,0.8618598638146056,-0.056968254201552444,0.12077019645613686
2021,1,-0.3286431965075041,0.9578040485300425,-0.3678598403930664,0.43756122780030027,-0.01784842892696983,0.1669448044170541
2021,1,-0.4802765093351665,0.4655215284150461,-0.2031859849628649,0.6555301198647999,0.039326143892187825,0.1343665103788856
2021,1,-0.07239352101865022,0.7471872360312545,-0.07523723270582117,0.7362277102106479,0.005490238251893416,0.1969620967603077
2021,1,-0.009299894173940023,0.9689245814067188,-0.5884044965108236,0.6310892972144819,-0.08787179986635844,0.20818690691229402
2021,1,-0.6892324629284087,0.5395088673565039,-0.030914488292875745,0.4590284748492789,0.09995471863519578,0.0946275907209048
2021,1,-0.4028695424397786,1.0002329994281842,-0.25920387109120685,0.6054054689344281,0.010628518958886465,0.20340166317960612
2021,1,-0.3220278283824091,0.9144488613240139,-0.4070596694946289,0.42657224877483896,-0.018055407897285793,0.14194493001076475
2021,1,-0.34059295654296873,0.7950329286858304,-0.5164045333862305,0.6583835290432297,-0.034252262115478514,0.15896260905025522
2021,1,-0.19598472529444202,0.5809364263714291,-0.33298748937146416,0.7337640950817829,-0.025329332927177692,0.1202266037470168
2021,1,-0.6017251916833826,0.5416572377018757,0.0523264859173749,0.6357999420966146,0.10273261972375818,0.13886388628154173
2021,1,-0.05261153143805426,0.7886707944467768,0.2633191186028558,0.628272962049635,0.04142043397233293,0.14383733728445258
2021,1,-0.4927502155303955,0.6705847849512434,-0.026502561569213868,0.6256630985386767,0.07120988368988038,0.15927947474932105
2021,1,-0.2729664970846737,0.5938128658488295,-0.20305528827742034,0.5020862910707805,0.008436344417871213,0.13612081728958184
2021,1,-0.5936730702718099,0.6161005915094784,0.020049925203676575,0.5276247023965611,0.10143399238586426,0.1536609059352959
2021,1,-0.3674255077655499,0.7049155199531888,-0.34873258150540865,0.8522063556577978,-0.004126611122718224,0.1873581244954033
2021,1,-0.38374100444472836,0.7516015455042862,0.14671797173045506,0.6589246798327919,0.0822343113266419,0.1687718310148531
2021,1,1.6750230153401693,1.9279843747006324,2.0087462107340497,2.0356682111738715,0.04633841117223104,0.2584565861104516
2021,1,-0.15399717906164745,0.7808028956376054,-0.06415273272801959,0.6526020911329461,0.01605791894216386,0.16562947626353894
2021,1,-0.21376652073215793,0.8682352613272741,-0.09876245034707559,0.7800200702542793,0.014472386643693253,0.17332350616505648
2021,1,-0.3069645589192708,0.7116806344995278,-0.18334283447265626,0.6444766461886654,0.014882349650065104,0.14078690224467993
2021,1,0.9286434936523438,1.2526155089312587,0.7709684753417969,1.0331647913409459,-0.03200525283813477,0.15391549290553244
2021,1,-0.2816590324280754,0.7158773732752185,-0.2565850151909722,0.6487752216677977,0.001550985644103358,0.14672766316135455
2021,1,-0.22330327749087553,0.6830039901954724,-0.16232900876544143,0.6808999682438514,0.006961245164429639,0.14497478317853102
2021,1,-0.22773778707555317,0.7363259892917807,-0.1434250371698443,0.7055162037621251,0.011031303786097112,0.15262435937058047
2021,1,-0.27076199261887895,0.7299885419001548,-0.21951048279252033,0.7135689269146743,0.005375214421239851,0.1451342282573202
2021,1,-0.2459888947315705,0.6814017869231056,-0.20130689572065305,0.705498048739353,0.003759158574617826,0.1407936126373044
2021,1,-0.3002181340557853,0.7312169252747331,-0.22215596670679272,0.7047984293613242,0.01008214139994317,0.14986729661384152
2021,1,-0.30891688955223434,0.7398058196386558,-0.2706544062733383,0.7185633835883302,0.004102452331731707,0.14976050137129157
2021,1,-0.10754203796386719,0.0,0.2311382293701172,0.0,0.04458361864089966,0.0
2021,1,-0.2617464065551758,0.0,-0.24025344848632812,0.0,-0.0018718242645263672,0.0
2021,1,1.6770849227905273,0.0,-0.5696811676025391,0.0,-0.3459761142730713,0.0
2021,1,2.1338753700256348,0.0,1.134744644165039,0.0,-0.12078854441642761,0.0
2021,1,0.05842781066894531,0.0,-0.19894027709960938,0.0,-0.05437445640563965,0.0
2021,1,-0.3597688674926758,0.0,0.49913978576660156,0.0,0.1342673897743225,0.0
2021,1,1.7686748504638672,0.0,0.4757251739501953,0.0,-0.19847816228866577,0.0
2021,1,-0.8161439895629883,0.0,0.5763568878173828,0.0,0.21092671155929565,0.0
2021,1,0.5121135711669922,0.12057113647460938,-0.5811176300048828,0.11808967590332031,-0.20373809337615967,0.024420619010925293
2021,1,3.164966583251953,0.0,1.4033117294311523,0.0,-0.28855568170547485,0.0
2021,1,1.6535863876342773,0.0,-1.7030029296875,0.0,-0.5272380709648132,0.0
2021,1,-3.2311930656433105,0.013956546783447266,-0.5633115768432617,0.4127321243286133,0.4585033059120178,0.07303744554519653
2021,1,2.809487819671631,0.8035836219787598,1.595487117767334,1.122596263885498,-0.16600510478019714,0.02915748953819275
2021,1,6.054718971252441,0.08102488517796308,4.773512840270996,0.38956165313720703,-0.22001361846923828,0.050617873668670654
2021,1,1.4881510734558105,0.11559724807739258,-0.1893143653869629,0.255342960357666,-0.2726883292198181,0.0622791051864624
2021,1,1.1783777872721355,1.1525769269588992,2.0613816579182944,0.596052036865648,0.12682193517684937,0.10710352354126176
2021,1,0.773507833480835,0.27102928518504243,-0.1542809009552002,0.4782206376604935,-0.15717776119709015,0.06866186897629452
2021,1,0.06006546020507812,0.226397034546009,-0.37680625915527344,0.9595417478281164,-0.08353879451751708,0.15031571775622465
2021,1,-0.5239310264587402,0.2984360002886327,0.3862955570220947,0.3194135404842457,0.14399342238903046,0.03345513797759494
2021,1,0.3730319023132324,0.18943958285428103,-0.3976554870605469,0.7253687170121256,-0.11710562705993652,0.10694597557543077
2021,1,-0.47325983047485354,0.6250508120020861,-0.117974853515625,0.6264704200117954,0.04549846649169922,0.1455073869123196
2021,1,2.591942378452846,1.5089220127065264,2.5575670514787947,1.1705224228434998,-0.0227941700390407,0.2374655520418147
2021,1,-0.5961482048034668,0.6752945686962871,-1.5235788345336914,0.34683033143431014,-0.13667880296707152,0.06864560464004243
2021,1,0.9759337561471122,0.5751043635024821,0.23924010140555246,0.7049150287785612,-0.11521193810871669,0.07357226910744638
2021,1,1.4351525836520724,1.0854415418398642,0.8043007320827908,0.5138990757213212,-0.07940160565906101,0.20644102364072003
2021,1,-1.573505973815918,0.6011959642072952,-0.4196904182434082,0.4287393323558529,0.18672020435333253,0.09851360642370435
2021,1,-0.3750056266784668,0.5470681202922731,-0.6208700180053711,0.5959617426341942,-0.047160565853118896,0.1418390941523739
2021,1,-0.484503173828125,0.8583493965615138,0.021396636962890625,0.49311092764612663,0.06727571487426758,0.13416937519205896
2021,1,-0.15600349505742392,0.6321099453941715,-0.388632853825887,0.9347414913668508,-0.03564149638017019,0.1552130510837637
2021,1,0.2662081925765328,1.0395745968533394,0.16594065790591034,0.8272132035154636,-0.018019126809161644,0.1598527585884661
2021,1,-0.00946134991115994,0.6754887013360193,-0.11425979049117477,0.5974884716939844,-0.012592041933978046,0.14731687207228641
2021,1,-0.17446594768100315,1.0439067769174522,-0.5030799971686469,0.7173349508665865,-0.048735857009887695,0.16966467049700854
2021,1,-0.28581210105649885,0.7419032442942591,-0.24790474676316784,0.6674646600284597,0.006458422830027919,0.16520327832547652
2021,1,0.034412179169831456,0.8276001261745662,-0.0752128035933883,0.7874168730299779,-0.017136836934972692,0.17620081856425637
2021,1,-0.25721721941719133,0.8482573303632573,-0.16463263146332371,0.7477182716273465,0.011690286767457926,0.15324296779027327
2021,1,-0.323119753815407,0.8529469247377053,-0.3838883993459302,0.790580227463579,-0.010038703386173691,0.15521313481644122
2021,1,-0.3992088537647891,0.7748309003014734,-0.2624014646428112,0.7378375361624162,0.01998037173424238,0.15686798921839318
2021,1,-1.3546075820922852,0.0,1.015298843383789,0.0,0.3340497612953186,0.0
2021,1,-1.639357566833496,0.0,-1.4072418212890625,0.0,0.025535166263580322,0.0
2021,1,-1.2824249267578125,0.0,-0.6729469299316406,0.0,0.10525643825531006,0.0
2021,1,-0.6606435775756836,0.0,0.43719482421875,0.0,0.1567440629005432,0.0
2021,1,0.8272695541381836,0.0,0.6021633148193359,0.0,-0.039774537086486816,0.0
2021,1,-1.4175844192504883,0.0,-0.9396228790283203,0.0,0.03155553340911865,0.0
2021,1,0.20001769065856934,0.12615180015563965,1.415276050567627,0.24679803848266602,0.2053835391998291,0.01885843276977539
2021,1,-1.3240699768066406,0.3737344741821289,1.2571420669555664,0.24729061126708984,0.41868460178375244,0.025288105010986328
2021,1,-0.0006634394327799479,0.30538827439388244,0.551728884379069,0.31375886005599996,0.08194478352864583,0.014701349467303315
2021,1,0.5270541508992513,0.8913997147700317,0.07976563771565755,0.30620462218344896,-0.07723836104075114,0.11571065612885206
2021,1,-0.00653537114461263,0.5261289795510792,-0.48690541585286456,0.5138903642311452,-0.06715351343154907,0.04928697139515972
2021,1,0.26050102710723877,1.607487666554284,-0.025405168533325195,0.4307380603477613,-0.029398851096630096,0.2204535912938066
2021,1,-1.1058142185211182,0.37118550892567476,-1.1573166847229004,0.14234526456950342,-0.01572073996067047,0.040991073163831444
2021,1,0.7072399139404297,1.1374897129301695,-0.19922637939453125,0.8940138238644678,-0.15066269636154175,0.11475014535945022
2021,1,0.12563419342041016,0.4992454687091198,-0.49250268936157227,0.42047446562129964,-0.10388276974360149,0.07095284002615476
2021,1,-1.5556554794311523,0.528165331906413,-0.6339383125305176,0.4033863004209038,0.14465350906054178,0.08375855111454762
2021,1,-0.3757156848907471,0.6462357018451744,0.10262765884399414,0.6990564150105183,0.06839806437492371,0.1169689184730597
2021,1,-0.27728199136668236,0.5842568597219943,-0.060913480561355066,0.6310856609441365,0.02744170098469175,0.13755529332894967
2021,1,-0.5584236145019531,0.782577486148763,-0.13782335008893695,0.7163538319898707,0.06128781182425363,0.12278339350205189
2021,1,-0.5821221272150675,0.6916063853100908,0.005712588628133138,0.8309263847647185,0.0879121720790863,0.16843517155906212
2021,1,0.1728396104729694,0.6526832486143755,0.04204774939495584,0.6957635718083678,-0.02451064793959908,0.15887104802952112
2021,1,-0.6720520655314127,0.838122144501463,-0.8436177571614584,0.7388300470762535,-0.02701272815465927,0.15373694492032927
2021,1,-0.2751717771537573,0.7521309246214071,-0.34012473139781435,0.8114397356384935,-0.015810558304248618,0.15121201288440803
2021,1,0.8524923324584961,0.0,-0.32167625427246094,0.0,-0.19612842798233032,0.0
2021,0,0.05452902134077969,1.1991941361430833,-0.015991957339894093,0.9523439581034422,-0.016036455437113264,0.16091881121206097
2023,1,0.28805960263083435,0.8191091995872641,-0.016025241895872767,0.8041147295546317,-0.04128050290529631,0.16207648766865013
2023,1,0.3171994062557036,0.8224972234132457,0.006918369494426161,0.7945948577488612,-0.04223117595128844,0.16341330826655168
2023,1,0.2860853110622153,0.8365880157164229,-0.07334071107036991,0.8103011805874507,-0.04802552394197645,0.16069440619421227
2023,1,0.2519514854074144,0.8484879936863624,-0.0914876861836716,0.8126856910236445,-0.04778939351258699,0.1592999108085873
2023,1,0.3960047006787813,0.9102986740175819,0.15186579937822806,0.8844954727712527,-0.03316162317607148,0.17235160726690305
2023,1,0.18143998797128635,0.8581990002915706,-0.08267725893786407,0.8299843411897282,-0.03659267604518138,0.16762500832913285
2023,1,0.07795483821372906,0.8533441015309909,-0.18173803957262516,0.7961470932482742,-0.03594091136909861,0.16779128547200436
2023,1,0.076646435546875,0.9947262195870417,-0.24169954427083334,0.8828682974120486,-0.042258740234375,0.1665441455293788
2023,1,0.1882480165124288,0.8406045253855561,-0.05373067818159664,0.8142148360340677,-0.03277154810633754,0.16682612792614665
2023,1,0.3407212076455065,0.8239057838935617,0.04646760096020407,0.7947989734416405,-0.03989526473348224,0.16086629080377818
2023,1,0.2823896227976739,0.8234235699451309,0.0326593716207159,0.785174593542249,-0.03481216465806368,0.16789554638265228
2023,1,0.23262470435734303,0.840095346965568,-0.07732762156434403,0.8097499649374785,-0.0417962936419694,0.16494534588279394
2023,1,0.26322774761751416,0.791428053323417,-0.01394582677770544,0.7560517900098292,-0.03826783520916172,0.158405968007211
2023,1,0.14571161057100032,0.8179011611671493,-0.15310900734539257,0.7902362469088949,-0.0406353382807367,0.1630813256716518
2023,1,0.2951146207328019,0.8904474692100298,0.048187724206257256,0.8413777477406165,-0.03296560852085915,0.1648734944705634
2023,1,0.24147638367310442,0.8445105779306874,-0.02559472494712033,0.8405121648013844,-0.03609672295347986,0.16426270187996372
2023,1,0.30640835229454294,0.8177850801271407,0.011255685933587771,0.7993097105206822,-0.040365243469029345,0.16187122020695283
2023,1,0.4944914988982372,0.8660787425145519,0.0682845189021184,0.812171812835422,-0.05824737548828125,0.16436678548952224
2023,1,0.2736232312015892,0.8253219244739799,-0.018559252490170475,0.797814903807895,-0.04085730100925773,0.1663463513628771
2023,1,-0.9921250343322754,0.06168317794799805,-1.0406074523925781,0.024112701416015625,-0.013522237539291382,0.00923272967338562
2023,1,-0.29482345581054686,0.7275140110901689,0.7175605773925782,0.6498573485790757,0.18318328857421876,0.11796225068460335
2023,1,0.9857686116145208,0.5203924039079422,0.32931005037747896,0.6582631223137644,-0.10027707540071927,0.13997135850557327
2023,1,0.27348756790161133,1.0908398087688351,-0.2972400983174642,0.6176821474392631,-0.09678679704666138,0.10731759104243187
2023,1,0.22482742443029108,0.817338006346437,-0.09844967366655089,0.7723461817049769,-0.04516128339850868,0.16673781969816281
2023,1,-0.44170331954956055,0.44974344478530864,0.1801931063334147,0.38824382535130814,0.0710483690102895,0.07508393791759435
2023,1,-0.34226099650065106,1.0705385105173162,0.41552734375,0.450073194936496,0.11037747065226237,0.09555413944272724
2023,1,1.4033385912577312,0.8918562094988366,-0.10200786590576172,0.6125855238709708,-0.28387220700581867,0.15232230164270463
2023,1,-0.7948274612426758,0.6396245956420898,-0.48404788970947266,0.5957441329956055,0.043500661849975586,0.0035736560821533203
2023,1,1.0238113403320312,0.0,0.6576442718505859,0.0,-0.06966418027877808,0.0
2023,1,0.560347284589495,0.7623516001823516,-0.6668077196393695,0.5030200466625798,-0.2008251122065953,0.14582709723247472
2023,1,0.5399068196614584,0.09479664619623536,-0.627844492594401,0.520281388637555,-0.2000239690144857,0.1012298854363761
2023,1,0.00028133392333984375,0.0,-0.748809814453125,0.0,-0.1379258632659912,0.0
2023,1,-0.544792652130127,0.1518254280090332,-0.042018890380859375,0.3245658874511719,0.08911582827568054,0.08930495381355286
2023,1,1.8595991134643555,0.0,0.9212398529052734,0.0,-0.15045922994613647,0.0
2023,1,0.8998226165771485,0.457878991816617,0.28736171722412107,0.8381282602054102,-0.12448592185974121,0.18441251542555132
2023,1,0.7117321942303632,1.0214581305107895,-0.12786888431858373,0.543107510571313,-0.12685291187183276,0.16532662455729394
2023,1,1.5474529266357422,0.0,-0.12003707885742188,0.0,-0.2545730471611023,0.0
2023,1,2.880206489562988,1.4654618073333183,0.6807079315185547,0.843515419270123,-0.34748704433441163,0.1345256552203782
2023,1,1.8881750106811523,0.0,0.2742271423339844,0.0,-0.3185526132583618,0.0
2023,1,1.2700490951538086,0.0,1.4085502624511719,0.0,0.003949403762817383,0.0
2023,1,0.9249248504638672,0.0,-0.2555561065673828,0.0,-0.2281392216682434,0.0
2023,1,0.8023862838745117,0.0,-0.9713706970214844,0.0,-0.26392972469329834,0.0
2023,1,0.757509708404541,0.7959966843425486,-0.007980982462565104,0.6366583489112633,-0.11006843050320943,0.137670967905437
2023,1,0.32537317276000977,0.800829980881431,1.6625659465789795,0.44653733540062857,0.24299964308738708,0.12502398882597415
2023,1,0.1511173119416108,0.8495796032202472,-0.6951542416134396,0.6587077948515364,-0.12730985074429899,0.1333130183555733
2023,1,0.6685215632120768,0.3947120214353386,0.9179840087890625,0.8456898567898592,0.04115337133407593,0.19329588113755133
2023,1,-0.4579167366027832,0.5589661598205566,-0.06018781661987305,0.6693921089172363,0.05045437812805176,0.027591943740844727
2023,1,0.6367862701416016,0.6205070614416812,0.3132148742675781,0.4677799912961039,-0.06650216579437256,0.14886934239552635
2023,1,1.379525899887085,0.03400444984436035,-0.7734427452087402,0.04120779037475586,-0.3126865029335022,0.017852365970611572
2023,1,1.0432044437953405,0.6410939496441964,0.09447016034807477,0.9323916915928122,-0.16347782952444895,0.12851333979489252
2023,1,0.5912007093429565,0.7162049505882921,0.2325841188430786,0.6508133017993827,-0.04681964715321859,0.15555777865083117
2023,1,0.40911293029785156,0.0,-0.9072074890136719,0.0,-0.17018145322799683,0.0
2023,1,1.9379630088806152,0.12854909896850586,-0.42246150970458984,0.11139392852783203,-0.34935104846954346,0.013409972190856934
2023,1,1.0050997734069824,0.5123915672302246,0.0176544189453125,0.892364501953125,-0.17218485474586487,0.2447003424167633
2023,1,0.008687655131022135,0.5542329853747207,0.4910586675008138,0.1770960736514706,0.06931066513061523,0.11321930683200886
2023,1,1.3533134460449219,1.1922689905230144,-0.5182501077651978,0.5476935837816017,-0.2606547474861145,0.14358055494256938
2023,1,0.4040084707325903,0.7057025000423923,-0.10524322246683054,0.5378442356403319,-0.08535115472201643,0.14115215421543884
2023,1,2.1016664505004883,0.0,0.43839454650878906,0.0,-0.24993431568145752,0.0
2023,1,0.774939219156901,1.2649818655063378,0.059753735860188804,0.6207097802601516,-0.1439635157585144,0.19971964500471254
2023,1,-0.01763780911763509,1.1199057257319536,-0.2867241541544596,0.7187262973590016,-0.03584863344828288,0.22119739874935684
2023,1,-1.4850850105285645,0.0,-0.2213573455810547,0.0,0.19877833127975464,0.0
2023,1,0.1106863021850586,0.22093868255615234,-1.4066557884216309,0.7147068977355957,-0.19623258709907532,0.10966506600379944
2023,1,0.4507322311401367,0.38695621490478516,1.1027545928955078,0.034386634826660156,0.10681664943695068,0.07569420337677002
2023,1,0.4859328269958496,0.5116782188415527,-0.4551067352294922,0.5083675384521484,-0.17931586503982544,0.021687328815460205
2023,1,-0.32870187759399416,0.32672184294076556,-0.4722919464111328,0.6116728731761405,-0.018326377868652342,0.1351405482657995
2023,1,-0.47042236328125,0.8966762788565494,0.5064321517944336,0.8884038931301259,0.1322299361228943,0.08211173904130384
2023,1,-2.490133285522461,0.0,-0.43132781982421875,0.0,0.35110461711883545,0.0
2023,1,-0.37971019744873047,0.539738655090332,-0.061444759368896484,0.5371947288513184,0.02018830180168152,0.0013584792613983154
2023,1,-0.06788287162780762,0.6040030492286679,0.40994672775268554,0.68183249254428,0.05615085959434509,0.08498786645933083
2023,1,-0.0129913330078125,1.0955661693644632,-0.7757390975952149,1.0598860753870578,-0.13340482711791993,0.06525739996422097
2023,1,0.8212375640869141,0.0,-0.016931533813476562,0.0,-0.13837206363677979,0.0
2023,1,0.6231962839762369,0.9370821829322624,-0.09821677207946777,0.6911809839545547,-0.11366973982916938,0.20260732883748955
2023,1,0.2853827476501465,0.10963201522827148,-0.4272279739379883,0.3988809585571289,-0.13565659523010254,0.06286931037902832
2023,1,-0.9049052000045776,0.4421191569400404,0.29190707206726074,1.1347835634547243,0.23771220445632935,0.3126605830141027
2023,1,0.8214141845703125,0.525866972267675,0.36193275451660156,0.5053255840707368,-0.07940357327461242,0.09197867847532444
2023,1,-0.2559232711791992,0.0,-0.12496376037597656,0.0,0.013941764831542969,0.0
2023,1,-0.48760223388671875,0.0,-0.31342124938964844,0.0,-0.0052182674407958984,0.0
2023,1,0.38653840813302387,0.8463365073094099,0.2986811485690744,0.8218924557663068,-0.011419946090217983,0.1648501096317027
2023,1,0.005491267966661481,0.8953014279126424,-0.015340681272973705,0.7437082915202105,0.0019106175695548719,0.17194271710715267
2023,1,-0.5672931671142578,0.0,-0.8507785797119141,0.0,-0.0531841516494751,0.0
2023,1,0.3605767885843913,1.0064887031882606,-0.2257672150929769,0.7255704896261483,-0.07346116503079732,0.20169792870701295
2023,1,0.1056797981262207,0.9419631033214223,0.2535862922668457,1.0627053670415085,0.02910217046737671,0.15381745736692742
2023,1,0.4377431869506836,0.0,-0.3611431121826172,0.0,-0.1346663236618042,0.0
2023,1,0.1830839051140679,0.5933229509461279,0.4268947883888527,0.6792063297274208,0.04108606444464789,0.14922925325125347
2023,1,0.03133047722481393,0.9372163584587953,-0.38398833403716215,0.8260995787262293,-0.0582141773120777,0.1876679718246654
2023,1,-2.9503539403279624,0.8557438479058004,-1.0250898996988933,0.4942792939713202,0.29770392179489136,0.20136686247291652
2023,1,-1.5301933288574219,0.0,0.05606269836425781,0.0,0.27973878383636475,0.0
2023,1,-0.11217678917778863,0.7318832013268959,-0.5031844245062934,0.45096688788633094,-0.07633374134699504,0.11605237263402106
2023,1,1.6453251838684082,0.6508623923541862,-0.07848072052001953,0.4841583127697037,-0.23342189192771912,0.016052608324264105
2023,1,0.2591131925582886,0.8570003106919586,-0.48983442783355713,0.4969372426879212,-0.09702057391405106,0.18634388465027008
2023,1,1.270864486694336,0.6582517623901367,-0.9772796630859375,0.017932891845703125,-0.3206241726875305,0.073497474193573
2023,1,-0.5681910514831543,0.0,0.5440187454223633,0.0,0.1838151216506958,0.0
2023,1,0.16196441650390625,0.0,0.6471538543701172,0.0,0.08329856395721436,0.0
2023,1,0.3908729553222656,0.0,0.4029369354248047,0.0,-0.014281094074249268,0.0
2023,1,-0.09253883361816406,0.0,0.3229846954345703,0.0,0.06628227233886719,0.0
2023,1,0.6664965152740479,0.9096115605417454,-0.097393798828125,0.5730303596387301,-0.11096489429473877,0.16511354630977584
2023,1,0.23817596937480726,0.6798409131013579,-0.37992010618511,0.8788335630063407,-0.10150030412172016,0.11501541179326082
2023,1,0.7604856491088867,0.0,0.2039508819580078,0.0,-0.10632658004760742,0.0
2023,1,1.2372322082519531,0.10147857666015625,0.04606151580810547,0.21810436248779297,-0.17162078619003296,0.025688529014587402
2023,1,0.30038928985595703,0.0,0.2661285400390625,0.0,-0.02137446403503418,0.0
2023,1,-0.7425756454467773,0.0,-0.17117691040039062,0.0,0.10336339473724365,0.0
2023,1,0.9616655869917436,0.5685935664990807,-0.2721081647005948,0.8749468604286201,-0.1698196909644387,0.15032481849559218
2023,1,0.06097126007080078,0.5363208714411093,-0.44600772857666016,0.5712298600650199,-0.07454973459243774,0.06091720325735255
2023,1,0.055586594801682696,0.7418129843328374,-0.20132927527794472,1.0401535561129784,-0.03137158980736365,0.181646021289871
2023,1,0.669734001159668,0.8365695830165201,0.7195480346679688,0.38716082696825627,-0.0021061778068542482,0.15902574454855953
2023,1,0.6288480758666992,0.584994647097801,0.339496374130249,0.9462709104092394,-0.03974907100200653,0.16592932552555179
2023,1,0.3440752824147542,0.8319110336907614,0.270421822865804,0.7963723144779554,-0.01951341579357783,0.17815075930791519
2023,1,0.4409668445587158,0.5465009725035156,0.0016865730285644531,0.4115608795109876,-0.07199524839719136,0.1319853963351727
2023,1,-0.45006484985351564,0.5808749258758295,-0.29574432373046877,0.31232495948803907,0.015679192543029786,0.0982226921496168
2023,1,0.7391651153564454,0.7100357180829217,0.5842752456665039,0.9992896009805107,-0.03642138242721558,0.2601084314537808
2023,1,-0.49482154846191406,0.0,-0.6450748443603516,0.0,-0.03688454627990723,0.0
2023,1,0.2274608612060547,0.0,0.00677490234375,0.0,-0.05529087781906128,0.0
2023,1,1.3726016998291015,0.79861179657856,1.2562244415283204,0.5921888679245262,-0.04434612989425659,0.19441858526626565
2023,1,0.6696364791304977,0.8190929731297488,0.12519942389594185,0.7839794497719752,-0.08159640983298973,0.18846195000838734
2023,1,1.1720752716064453,0.0,-1.463815689086914,0.0,-0.3598949909210205,0.0
2023,1,-0.15511131286621094,0.9394702911147031,-0.5218513011932373,0.19424023734936713,-0.05916132032871246,0.12699589467381595
2023,1,1.3275299072265625,0.3924140930175781,0.5600156784057617,0.3181905746459961,-0.13565945625305176,0.004577755928039551
2023,1,0.3412573602464464,0.9095415947158327,-0.0327048831515842,0.2829799899009399,-0.0647260348002116,0.14669722228382473
2023,1,0.9927840459914434,0.7067663144240519,-0.18660895029703775,0.8343876836505937,-0.18008141290573848,0.10577612586296763
2023,1,-0.10395126342773438,0.5808913836053798,0.22553462982177735,0.5413752966765947,0.05164211988449097,0.09641070652882595
2023,1,-0.15414251599993026,0.663915968111601,-0.2201606205531529,0.9815109879355307,-0.005993025643484933,0.1539090746799661
2023,1,-1.5425710678100586,0.0,-0.7420196533203125,0.0,0.06850892305374146,0.0
2023,1,1.6691770553588867,0.0,0.1275348663330078,0.0,-0.24014484882354736,0.0
2023,1,-0.15726882219314575,0.5840528161428578,-0.842818021774292,0.30968880792126885,-0.10573844611644745,0.06660963052917986
2023,1,0.361929980424899,0.8144901309799994,-0.02491414241850724,0.8083457329559072,-0.054081825880996484,0.1629198113720738
2023,1,2.1315836225237166,0.8203507889831388,0.8736972808837891,0.7801729129158578,-0.18036699295043945,0.13495596459015033
2023,1,0.7811965942382812,0.7635913373898254,-0.3588294982910156,0.6827739303809247,-0.15225082635879517,0.18041393600816805
2023,1,1.82110595703125,0.0,0.6765079498291016,0.0,-0.17458492517471313,0.0
2023,1,-0.5964565277099609,0.0,0.5290307998657227,0.0,0.15443193912506104,0.0
2023,1,1.3787431716918945,0.0,-0.3554859161376953,0.0,-0.1990978717803955,0.0
2023,1,0.2670116424560547,0.5469932556152344,-1.3931732177734375,0.05787467956542969,-0.32860901951789856,0.0880761444568634
2023,1,-0.7985906600952148,0.0,0.31262779235839844,0.0,0.17386889457702637,0.0
2023,1,0.012205123901367188,0.0,0.130767822265625,0.0,0.015114307403564453,0.0
2023,1,0.34098148345947266,0.0,-0.2846412658691406,0.0,-0.11774259805679321,0.0
2023,1,1.2792182922363282,0.571397674543614,0.07312850952148438,0.5582697262558544,-0.20202312469482422,0.09758924270647402
2023,1,-0.18824529647827148,0.0,-0.3267822265625,0.0,-0.021818459033966064,0.0
2023,1,-0.11026763916015625,0.0,-0.6344318389892578,0.0,-0.10303854942321777,0.0
2023,1,0.8330971854073661,0.9880004071468049,0.9053348813738141,0.6135885500968736,0.009199610778263636,0.22790426102238667
2023,1,0.06784791946411133,0.6298252352480795,-0.20933709144592286,0.7627866482473117,-0.03679545521736145,0.16546427873847588
2023,2,0.20895508618359274,0.8419799278511106,-0.0005162301516860577,0.8045819824914507,-0.028830421421051133,0.1643809137144912
2023,2,0.2756898475526102,0.7796710852481004,-0.02697277997463435,0.7546111378217093,-0.04284205457640413,0.160826302637247
2023,2,0.1041651706386304,0.8258736496884598,-0.1822498893868463,0.8198474361520022,-0.03900229416363967,0.17040431032645398
2023,2,0.34447731308232776,0.7466126997945631,-0.02968942931504291,0.7354584556822629,-0.053479242565177755,0.14613770246491928
2023,2,0.3191111802981155,0.8170388074549455,0.01701042136796384,0.7743689658973841,-0.04172788409245958,0.1608965001302635
2023,2,0.31391858631294,0.8653148406493898,0.029963698560833238,0.8319727353774045,-0.039719557375363486,0.16636504102209687
2023,2,-0.029757045709287017,0.9085923749316503,-0.30797379466291436,0.8306245760613041,-0.03949404829226363,0.1668099235278896
2023,2,0.22760507833951127,0.8395959543652631,-0.1260236075001716,0.8476716300497106,-0.04668462125892367,0.1648765786220506
2023,2,0.34089156784928754,0.8120116733051708,0.1448497744856914,0.7908358866901554,-0.026935566813423423,0.16667856117207758
2023,2,0.2476248878530521,0.8185568218178415,-0.015899537362219465,0.7942021731747122,-0.03603609036872736,0.1643338343697498
2023,2,-0.10180686910947163,0.8882981885782409,0.047723750273386635,0.815042520949299,0.023590785761674244,0.19042426068872986
2023,2,-0.20435557158096976,0.9387935283782025,-0.08227439548658289,0.918703447392581,0.03158384820689326,0.2306803270345926
2023,2,-0.18102900187174478,0.5088135661916392,-0.46738751729329425,0.299290735478629,-0.04814040660858154,0.03614706499716507
2023,2,-0.07956886291503906,0.510866787167527,0.1366901397705078,0.20629540617280145,0.033618927001953125,0.10938427621072666
2023,2,1.5202741622924805,0.0,0.6417884826660156,0.0,-0.1697005033493042,0.0
2023,2,-0.5821378231048584,0.26357771690140686,0.04800724983215332,0.09189948434784594,0.09685492515563965,0.0510771270368954
2023,2,0.16248273849487305,0.5959784484376606,-0.2132557233174642,0.728080607053832,-0.05951376756032308,0.20549686500275757
2023,2,0.26081814368565875,0.8183114386402643,0.14602414766947427,0.5249036695781621,-0.018884910891453426,0.15417059754842247
2023,2,0.5202746391296387,0.48390812845282993,0.26628859837849933,0.38595928538195806,-0.04921640952428182,0.06318763687760084
2023,2,0.019145423800101077,0.7994375894202822,-0.06324997393537587,0.7825184013769854,-0.011865842203221896,0.17205078400150123
2023,2,-0.608609232409247,0.7237250364250865,-0.8971212979020744,0.8688940433302784,-0.03767484220965155,0.20366621385349215
2023,2,-0.014192581176757812,0.0,0.23645973205566406,0.0,0.022379279136657715,0.0
2023,2,0.6880893707275391,0.0,0.3617544174194336,0.0,-0.08800125122070312,0.0
2023,2,0.9372690916061401,0.7572593058154705,1.1003715991973877,0.6689026781943286,0.010918766260147095,0.02254031409824313
2023,2,0.22417399542672292,0.8379548105027319,-0.3323053632463728,0.9517932861531407,-0.08149844578334263,0.21349302878597895
2023,2,0.13072433471679687,0.8971644554411826,0.15591297149658204,0.579113717423199,-0.02874436378479004,0.1339899919838987
2023,2,-0.3854835987091064,0.7245147532522204,-0.7547228813171387,0.8234673277161383,-0.05247227549552917,0.14113364160662814
2023,2,-1.171647071838379,0.0,-0.06441497802734375,0.0,0.1169281005859375,0.0
2023,2,0.7878155708312988,0.9461970329284668,-1.0242156982421875,0.049510955810546875,-0.2561556398868561,0.11411920189857483
2023,2,2.4318690299987793,0.47621870040893555,0.6549186706542969,0.08199691772460938,-0.3142843246459961,0.09644019603729248
2023,2,0.8510646820068359,0.0,-0.1807384490966797,0.0,-0.12868738174438477,0.0
2023,2,-0.24126815795898438,0.0,0.7818737030029297,0.0,0.15046626329421997,0.0
2023,2,0.5936565399169922,0.0,0.4509544372558594,0.0,-0.027709484100341797,0.0
2023,2,-0.6315647761027018,0.11393784472224565,0.651214599609375,0.1438164959544708,0.17937201261520386,0.011294373216286837
2023,2,0.6206508874893188,0.9808413412170307,0.7819188833236694,0.6492246476500766,0.016224965453147888,0.21034750871566232
2023,2,0.9383650240690812,1.311176409503678,-0.12394701916238536,0.6934343933001742,-0.16809126605158267,0.19177595211106063
2023,2,0.4877242512173123,0.4487011974748825,0.34653197394477,0.6209687987376493,-0.03373977873060438,0.11647555585667561
2023,2,0.6158633232116699,0.4991011619567871,-0.972599983215332,0.1280202865600586,-0.27061986923217773,0.09042978286743164
2023,2,-1.9701061248779297,0.0,-0.2953529357910156,0.0,0.24772465229034424,0.0
2023,2,0.23086042574633997,0.9196319258268535,-0.16891875675233714,0.8098230328155209,-0.054433741888008584,0.1607747901674404
2023,2,-1.0288410186767578,0.1943950653076172,-0.6769390106201172,0.7986545562744141,0.07604080438613892,0.17675727605819702
2023,2,-0.9332584540049235,0.5674769690635065,-0.7500400543212891,0.49176211448849716,0.027127405007680256,0.1344288973919186
2023,2,-0.2736991246541341,0.5141096796862789,-0.06444231669108073,0.18051643324687838,0.016821742057800293,0.1119197782155077
2023,2,0.1287679672241211,0.828241251463339,-0.38753108978271483,0.7664177105227967,-0.08333331346511841,0.07782027208780067
2023,2,-1.390467643737793,0.7123233904003409,-0.16812705993652344,0.27589422707654293,0.20112745463848114,0.1343767709732035
2023,2,-0.9231929779052734,0.3106346130371094,-0.3308897018432617,0.008814811706542969,0.07389339804649353,0.053319960832595825
2023,2,0.04239702135934954,0.8930449379242782,-0.10323607943799465,0.8086533640907444,-0.016382132162594928,0.1834408814001635
2023,2,-2.5957345962524414,0.0,-0.9013633728027344,0.0,0.2765018939971924,0.0
2023,2,0.32912537679506865,0.8217061636452416,-0.027942062113326407,0.7913245622332062,-0.048665730250364095,0.16728623137071366
2023,2,-0.270456177847726,1.056438494718658,-1.4143235342843192,0.9965927521884802,-0.14356051172528947,0.22961826869341234
2023,2,0.7727647035018258,0.9082729881597524,0.346367421357528,0.7525045446127632,-0.06470085745272429,0.16543988832034182
2023,2,-0.039583069937569756,0.8854395230160227,-0.7220649719238281,0.7099914948584735,-0.10666773148945399,0.11693437857121651
2023,2,-0.9179697036743164,0.13777828216552734,-1.0038270950317383,0.03925037384033203,-0.03127029538154602,0.03939703106880188
2023,2,0.1848421541086013,0.8584619498958592,-0.19894238395702096,0.7849237614097307,-0.051811506627348555,0.15482302342100707
2023,2,-0.2309551573636239,0.8664398181701821,-0.1329228585226494,0.7063345809217595,0.01611649920368752,0.175414488717668
2023,2,0.10702133178710938,0.7433260768413887,-0.11222905288507909,0.5946555909082056,-0.031234729437180506,0.11792910510546493
2023,2,0.35941410064697266,0.0,-0.8221588134765625,0.0,-0.16705304384231567,0.0
2023,2,0.11997222900390625,0.0,0.1361541748046875,0.0,-0.01806318759918213,0.0
2023,2,1.670324444770813,0.2829120760578521,0.18849921226501465,0.15376633679122897,-0.22090934216976166,0.020422421051099898
2023,2,1.4271211624145508,0.09906456255631066,0.6430225372314453,0.74760627214142,-0.1495457887649536,0.11200488892558971
2023,2,1.2042045593261719,0.0,0.4006328582763672,0.0,-0.1633291244506836,0.0
2023,2,0.6632097684420072,0.9824964463562809,0.223816651564378,0.8202246011067011,-0.07058389370258038,0.22519488862581707
2023,2,0.5655040740966797,1.028200617806094,0.2778935432434082,0.14258549052756406,-0.045531705021858215,0.183734892483135
2023,2,1.387332280476888,0.15007465513061935,-0.6059176127115885,0.521444587731389,-0.3119855920473735,0.07602842575076216
2023,2,1.9748458862304688,0.0,0.9711780548095703,0.0,-0.1847684383392334,0.0
2023,2,1.0461819966634114,0.36264248759720946,-0.7874269485473633,0.40948091138938686,-0.22294572989145914,0.09519360867220596
2023,2,2.3639345169067383,0.0,1.6054887771606445,0.0,-0.1179736852645874,0.0
2023,2,-0.1917247772216797,0.36900482263322704,-0.9568077723185221,0.7569470911358547,-0.1277578870455424,0.15312424079566908
2023,2,0.47877979278564453,0.0,-0.6959037780761719,0.0,-0.21881389617919922,0.0
2023,2,0.17900657653808594,0.5741583941068226,0.49399058024088544,0.13063546010325183,0.05612945556640625,0.08034027112783278
2023,0,0.375954599091501,0.7732053010161579,-0.02530576725198765,0.7504390240497422,-0.05877166324191623,0.16370176767909103
2023,0,0.310632657672737,0.8413277778327354,0.016641307273010678,0.8126357519247328,-0.040586960909516016,0.16858007254852972
2023,0,0.3037665429478162,0.8277659479463682,-0.1072215809060574,0.7646043328248127,-0.05921888606980172,0.1655830188611945
2023,0,0.5352297828311012,0.982909292664941,0.18743451436360678,0.8565993843548111,-0.05430034455798921,0.18440020819435646
2023,0,0.2672289418089023,0.8417137214658817,-0.014317687416331994,0.7712358411292801,-0.040328656749393406,0.16606306328238044
2023,0,1.1089143819314538,1.2321895803227367,1.1813736492016302,1.0858925423727581,0.014847323704632383,0.17748457981924673
2023,0,0.21185157373687116,0.8441237351750862,-0.12964966375622994,0.8250012650522502,-0.04541446807265186,0.15933189590549135
2023,0,0.4139186625825308,0.819901204887467,0.18290451086163995,0.8232184980880987,-0.031395146352511914,0.16748946009620908
2023,0,0.11128003669507576,0.8529556810150702,-0.03326123692650151,0.7882838085074156,-0.01863406729441027,0.1684757906332256
2025,1,-0.3631233885476517,0.7428266256840393,-0.36107374197231196,0.7339851922182097,-0.0016053214330288333,0.14794755550199684
2025,2,-0.32078598062975566,0.7109343034222687,-0.22181528589264393,0.6929782665898715,0.013755255742884286,0.14918906486588696
2025,2,-0.2045565861527638,0.8210684372343408,-0.20055033365885416,0.701673229678275,0.001640503380888252,0.16244976687679658
2025,2,-0.3210936165105343,0.8796359450975825,-0.44676651949549806,0.9239254486649128,-0.01616397097265764,0.1809495110237876
2025,3,-0.3118235270182292,0.7759399404713994,-0.34186831599710915,0.7682640387854786,-0.005545657709104206,0.15392733671812786
2025,2,-0.32645823901881127,0.7103368477491854,-0.2180305415242021,0.6855950256517059,0.01408723167596037,0.14606313857882305
2025,2,-0.4203010781113512,0.8093244948309007,-0.558263036038573,0.8331956772760154,-0.021200937959748978,0.1459761556067825
2025,2,-0.39509681317446044,0.7096321315659465,-0.33048363856004237,0.6902822912553331,0.007112993469869866,0.14506885831748348
2025,2,-0.4252458525550035,0.7754457186766361,-0.15804548882185948,0.7372546286919464,0.038172757302386444,0.1544467168289404
2025,3,-0.35131605471208305,0.7380040312196264,-0.22485397655758338,0.7100842345225172,0.017662472461838878,0.1559296599811103
2025,1,-0.3632087114199737,0.7526075361247031,-0.16209253867830797,0.6884768899892749,0.030146519415769027,0.15849553927360008
2025,1,-0.3045416325238379,0.7279385014920492,-0.26971022050059595,0.7039264723216938,0.0035242019307769666,0.15071253974624926
2025,3,-0.36595323724996215,0.7269559354158038,-0.23417292920379584,0.6991221027241868,0.017296004819376317,0.14743785310177432
2025,1,-0.2707064055125625,0.7094583692822997,-0.16505892180125625,0.6806146796619185,0.014060502490930242,0.14416126764236464
2025,1,-0.3616339342688826,0.7626056929528962,-0.19231114576869923,0.8045014670342567,0.024424008944404683,0.1574482666305783
2025,1,-0.3909224433443325,0.7906303348196748,-0.13306634193792555,0.7228815336609028,0.0354645596323355,0.15216997338960137
2025,2,-0.3414238051723742,0.7564685750525563,-0.28475900221110295,0.7538844359187582,0.007652057167190513,0.16166746879289096
2025,2,-0.31770136492893036,0.6373041003064137,-0.23671028372474703,0.6254632926058658,0.009245893503600805,0.13635243103163086
2025,2,-0.1655326606078469,0.7238637044928511,-0.11129397061204663,0.6148658402892849,0.004983072144997552,0.15395156027774642
2025,2,-0.3655735700736073,0.7214248385493347,-0.22978550611344484,0.7025592972643614,0.018916462008870566,0.1520898866690956
2025,1,-0.3575313841857997,0.7281998622097304,-0.25978044385432475,0.6987014718315661,0.012264799278403406,0.14762360644715355
2025,2,-0.3242196916120753,0.7211742496330755,-0.18589565919048834,0.6937610166945929,0.018402077107615846,0.14585137167134005
2025,3,-0.4589156584198698,0.7566093035516438,-0.40021255218827495,0.8142790315361681,0.008123872003714934,0.15682895564766128
2025,2,-0.365980272021929,0.7233845413222023,-0.2278689540600028,0.6893712054907464,0.01784934352441606,0.14725338343468197
2025,1,-0.327844647798714,0.7071605524053591,-0.17931120745531157,0.676813631802518,0.020419629593662125,0.14526801834857045
2025,2,-0.4163490224469041,0.7660916951171092,-0.36666294849231296,0.76888632895947,0.006715003857648887,0.1544537577130464
2025,1,-0.4513292669480847,0.7475642410124222,-0.3817454479586694,0.8156010679840067,0.0074679325472924015,0.15139875521082302
2025,1,-0.31844568252563477,0.5028481483459473,0.41818904876708984,0.5043020248413086,0.1254730224609375,0.17935752868652344
2025,1,-0.04445321743304913,0.3695767162276375,-0.6405791502732497,0.8744734094313551,-0.0956105452317458,0.16908316850020583
2025,1,0.23453056569002112,0.6641775341646605,0.18648209863779497,0.6232304015622419,-0.010545859531480439,0.14249688317225306
2025,1,-0.29987659296713587,0.7331157985401361,-0.2817258220073605,0.6865454991364218,0.0017112542775051653,0.1569637210936574
2025,1,-1.429390377468533,0.5063061882927878,-0.37973541683620876,0.7842673179086556,0.17710301611158583,0.1423267567085338
2025,1,-0.037680625915527344,0.0,0.48654937744140625,0.0,0.07415544986724854,0.0
2025,1,-0.22832062819908405,0.7613076081287546,-0.021139236976360453,0.7451179243794426,0.02884930577771417,0.17280123937101471
2025,1,0.3046884536743164,0.0,1.2643394470214844,0.0,0.17870104312896729,0.0
2025,1,0.03725433349609375,0.0,0.6089019775390625,0.0,0.09093904495239258,0.0
2025,1,0.518394947052002,0.0,-0.1419239044189453,0.0,-0.1063660979270935,0.0
2025,1,-0.4630252397977389,0.6108936136924175,0.1977559603177584,0.44409964522444545,0.10588278220250057,0.15179962853058923
2025,1,-0.1582025686899821,0.7857127671608524,-0.8243915239969889,0.539709943126778,-0.10445488492647807,0.14864461390133937
2025,1,-0.18294559015291872,0.6980688208169606,-0.1539427142276942,0.6565046037863398,-0.00034232173010567636,0.13818569534744446
2025,1,-1.675673007965088,0.050753116607666016,-1.0224881172180176,0.2541537284851074,0.08886218070983887,0.045511722564697266
2025,1,-0.5699782371520996,0.18397461563654965,0.7991197109222412,0.072670667720103,0.22714316844940186,0.05420751971131228
2025,1,-0.5671291048564608,0.6622731035331871,-0.23873117234971789,0.6377816447358623,0.05074103673299154,0.14885188863344753
2025,1,-2.4137766361236572,0.5794684347906776,-0.40909838676452637,0.6296660402902887,0.371715784072876,0.11440700513356751
2025,1,0.2111959457397461,0.0,0.3349781036376953,0.0,0.009655535221099854,0.0
2025,1,-1.6975994110107422,0.0,-0.06658172607421875,0.0,0.28563714027404785,0.0
2025,1,-0.4448083241780599,0.36240040139129365,0.30261723200480145,0.4156310093221573,0.12241112192471822,0.060937823586081664
2025,1,-1.7128992080688477,0.26263792375430417,-0.4682159423828125,0.23041639655458906,0.1927424669265747,0.0636347935731492
2025,1,-1.9510814666748046,0.5716469064135232,0.30784034729003906,0.2970179453817801,0.4551915168762207,0.16551090483170158
2025,1,0.31592512130737305,0.06824541091918945,0.3133678436279297,1.1865901947021484,0.006886035203933716,0.18657788634300232
2025,1,-0.9813781976699829,0.3624656321115621,-0.7154442071914673,1.006618329689282,0.04287346452474594,0.13180936159496512
2025,1,-0.01238250732421875,0.0,0.15486907958984375,0.0,0.021259963512420654,0.0
2025,1,0.2806025611029731,0.7790741057655229,0.40316057205200195,0.7693234609053085,0.015407525830798678,0.1475211409966127
2025,1,-2.4793128967285156,0.0,0.5694217681884766,0.0,0.5311108827590942,0.0
2025,1,-0.5520519529070173,0.5347743798983808,0.17513384137834823,0.4391708445779679,0.11288271631513323,0.11646222289943149
2025,1,-0.6451866149902343,0.325573101298331,-0.09367351531982422,0.8145653421764698,0.09974985122680664,0.1361943233975199
2025,1,0.4986511468887329,0.5154139373145217,0.06982147693634033,0.5392249426811732,-0.06269995123147964,0.11969275822895699
2025,1,-1.0856437683105469,0.0,-0.5324916839599609,0.0,0.10836637020111084,0.0
2025,1,-0.4650149345397949,0.6327340330351416,-0.09690459569295247,0.7140480791165694,0.03165308634440104,0.03741283311908827
2025,1,0.031612237294514976,0.3833127254745094,0.5891230901082357,0.32964541314848717,0.08326584762997097,0.08535664445523308
2025,1,1.3501720428466797,0.0,-0.34692859649658203,0.0,-0.25381678342819214,0.0
2025,1,-0.2812192440032959,0.6773342258124022,-0.41521374384562176,0.5361074683491348,-0.03573806087176005,0.1677374164328994
2025,1,-1.1514358520507812,0.0,-0.30322837829589844,0.0,0.15741801261901855,0.0
2025,1,-0.11312007904052734,0.0,-0.030071258544921875,0.0,-0.028010785579681396,0.0
2025,1,-0.5935611724853516,0.48272452616601885,-0.0679483413696289,1.111239392724024,0.09198970543710809,0.25358397346741884
2025,1,0.4965682029724121,0.15232324600219727,-0.3835592269897461,0.1367197036743164,-0.16084527969360352,0.06124305725097656
2025,1,0.00788891833761464,0.7922293123118695,-0.5699059030284053,0.5375974721511184,-0.09567181960396144,0.11418284341757388
2025,1,-1.0331783294677734,0.0,-0.3279132843017578,0.0,0.09849458932876587,0.0
2025,1,-0.21629460652669272,0.7415479194595938,-0.3599109649658203,0.12022514170387955,-0.03338917096455892,0.09991715686645901
2025,1,-1.5212583541870117,0.0,-0.8737258911132812,0.0,0.11567962169647217,0.0
2025,1,-0.7370247840881348,0.5096983908334077,0.0903010368347168,0.2876794262026914,0.1460486650466919,0.10393575175514574
2025,1,0.06977653503417969,0.0,0.7173290252685547,0.0,0.09393203258514404,0.0
2025,1,0.008464813232421875,0.01918792724609375,0.3286457061767578,0.2507209777832031,0.046939969062805176,0.0452803373336792
2025,1,0.07964350960471413,0.9117109384393636,-0.18667073683305221,0.43278109852004676,-0.03834570537913929,0.1521803064679173
2025,1,2.0478081703186035,0.0,1.54400634765625,0.0,-0.06811141967773438,0.0
2025,1,1.6540956497192383,0.0,0.8798141479492188,0.0,-0.12462437152862549,0.0
2025,1,0.26839351654052734,0.0,-0.8780078887939453,0.0,-0.17753809690475464,0.0
2025,1,-0.23660714976261385,0.6720758751716026,-0.16800735618647702,0.6715676845194332,0.006953443871632045,0.14217665682365985
2025,1,0.7227389812469482,0.3279993996858566,-1.0714170932769775,1.2123315534137094,-0.2804241478443146,0.22556180589264296
2025,1,-0.7896255765642438,0.44339416978161633,-0.5902474267142159,0.45724874052771997,0.029258412974221364,0.12636346528456413
2025,1,0.16382246751051682,0.5453556462859169,-0.2106940196110652,0.544618082232841,-0.05956697463989258,0.09554441097243023
2025,1,-0.7231607437133789,0.0,-0.027881622314453125,0.0,0.10462403297424316,0.0
2025,1,-0.16588651432710536,0.560535204146751,-0.006083544562844669,0.5578090254762849,0.019763960557825425,0.10361171575577258
2025,1,-0.3983569309629243,0.8257364122607708,-0.14113955662168307,0.4936621774581557,0.04751016353738719,0.15631609412153025
2025,1,-1.0445141792297363,0.0,-0.6222066879272461,0.0,0.07305753231048584,0.0
2025,1,-0.7885475158691406,0.0,-1.163839340209961,0.0,-0.0562862753868103,0.0
2025,1,0.025424838066101074,1.107898155764391,0.5319205522537231,0.7516676190122553,0.06409214437007904,0.1269402714569242
2025,1,0.1682802200317383,0.49623177701796245,0.8982559204101562,0.29160070766950685,0.11896686553955078,0.0837869041596511
2025,1,-0.28143606583277386,0.8367413459606661,-0.14256731669108072,0.5968064287893298,0.02440955489873886,0.18566435287677535
2025,1,-1.3925695419311523,0.7171955108642578,0.2696523666381836,0.21188831329345703,0.3166194558143616,0.1849570870399475
2025,1,-0.7605040868123373,0.4451419870100977,-0.5934950510660807,0.3657183045589359,0.0187875231107076,0.09972412251246503
2025,1,-0.24091148376464844,0.33832645416259766,1.043379783630371,0.23270320892333984,0.1854230761528015,0.09701293706893921
2025,1,-0.07128143310546875,0.0,0.31617164611816406,0.0,0.05094778537750244,0.0
2025,1,-0.3398776054382324,0.030538082122802734,0.6938719749450684,0.021158695220947266,0.16293883323669434,0.010638594627380371
2025,1,-0.4267757813849775,0.6767736424299451,-0.3772834403480261,0.6753864676042567,0.0046908761520754825,0.14064528193212453
2025,1,-0.22663410504659018,0.6349637377639733,0.4343082110087077,0.5823979267797295,0.10994635025660197,0.1359663148913637
2025,1,-0.7972431182861328,0.07025623321533203,0.47921085357666016,0.10162639617919922,0.20224681496620178,0.0412086546421051
2025,1,-0.47710609436035156,0.0,0.6719551086425781,0.0,0.18953841924667358,0.0
2025,1,-1.875,0.0,-0.48847389221191406,0.0,0.26746881008148193,0.0
2025,1,-0.8811825752258301,0.6573673274571932,0.08354415893554687,0.32553119921685225,0.1578379511833191,0.15855927342783302
2025,1,-0.130632221698761,0.2897808994096718,-0.915136456489563,0.7542095677886068,-0.1335620880126953,0.09790595398778229
2025,1,-0.9546153204781669,0.7955401974498767,-0.07595375605991908,0.5552178313865828,0.16572378362928117,0.230985957923649
2025,1,-0.6823575303361222,0.9211677044068523,0.08383103963491079,0.6787227666022106,0.12119678548864417,0.17226016705783523
2025,1,-0.7574546337127686,0.6576842403055356,0.4312763214111328,0.07316867940658774,0.20044277608394623,0.1426994914756686
2025,1,-0.2803435969997097,0.6350278217743093,-0.06384653658480258,0.7134605826042272,0.03215240143440865,0.13618681186726014
2025,1,-1.3443635940551757,0.3644682402366106,-0.08319587707519531,0.580531590855707,0.20332598686218262,0.14473917949621434
2025,1,-0.2709331512451172,0.6691253204654402,-0.7569005489349365,0.4009523453787437,-0.08931674063205719,0.0907100543727272
2025,1,-0.45910526911417643,0.6307001451568748,0.5185787200927734,0.6126876567366675,0.15755961736043295,0.14557760771328473
2025,1,-0.6448125839233398,0.0,-0.6289176940917969,0.0,-0.006941556930541992,0.0
2025,1,-1.8748469352722168,0.26088666915893555,-0.2904062271118164,0.09873104095458984,0.29821568727493286,0.07678955793380737
2025,1,-1.4024724960327148,0.0,-0.7580051422119141,0.0,0.10897701978683472,0.0
2025,1,-0.9018499374389648,0.703710398974341,-0.45319080352783203,0.7056821628426626,0.09231157302856445,0.22532319865764555
2025,1,-1.5104408264160156,0.20483209659579293,0.16832097371419272,0.36980127051961403,0.2642468015352885,0.08930839945217763
2025,1,0.24969005584716797,0.0,-0.6219692230224609,0.0,-0.15249836444854736,0.0
2025,1,0.3543220928737095,0.3965722548753158,0.21894005366734096,0.3862350913631173,-0.0341082045010158,0.07581178539354302
2025,1,-0.9502089818318685,0.15743620553829754,-0.5912494659423828,0.6216743523691421,0.05613903204600016,0.13100229671268585
2025,1,-0.1400146484375,0.49070374938326505,-1.3225415547688801,0.4223257540268895,-0.209719717502594,0.14584060702466953
2025,1,-0.11948204040527344,0.0,0.21597862243652344,0.0,0.050675153732299805,0.0
2025,1,1.17840576171875,0.0,-0.7949657440185547,0.0,-0.3139711618423462,0.0
2025,1,0.5514016151428223,0.14738798141479492,0.046257972717285156,0.40460681915283203,-0.08485168218612671,0.08465111255645752
2025,1,-1.4178180694580078,0.6991468898856565,1.0664777755737305,0.6283166580239603,0.45149068037668866,0.2543724345101685
2025,1,-0.9618029594421387,0.20360994338989258,-0.18391799926757812,0.6121616363525391,0.13658440113067627,0.08362650871276855
2025,1,-0.32077215576171875,0.6175168968560886,-0.25977016194661456,0.6289756486893248,0.005846551259358724,0.13189960509273874
2025,1,0.06331753730773926,0.10433845644483074,0.09537100791931152,0.6465998050424673,-0.015624091029167175,0.07364819662463312
2025,2,-0.5250124250139508,1.0823860783212766,-0.25195707593645367,0.18075364754039075,0.029982915946415493,0.15231741380243294
2025,2,-0.17263836330837673,0.5972520566343674,-0.2774298632586444,0.6210097970265844,-0.026470771542301885,0.11835374500510343
2025,1,-0.20381593704223633,0.15441370010375977,-0.7607517242431641,0.43904685974121094,-0.08333346247673035,0.08498373627662659
2025,1,-1.8129013606480189,0.5147137230850923,-0.305934088570731,0.48658826653326687,0.2448070219584874,0.11368355234986344
2025,2,-0.6279575824737549,0.370769182719858,-0.7841367721557617,0.2757853841363711,-0.03094235062599182,0.09502631082467414
2025,2,0.09190086523691814,0.6799776971220521,0.07952022552490234,0.6806992423866419,-0.0038701146841049194,0.1632830155820384
2025,2,-0.31328937742445206,0.291532991853392,0.13080660502115884,0.5796527485180543,0.0779882272084554,0.13001266859183072
2025,1,-0.7366937001546224,0.8057068223388834,0.03921286265055338,0.27185960496308936,0.12268938620885213,0.17584264576482117
2025,1,-1.8214588165283203,0.0,0.6923141479492188,0.0,0.4170275330543518,0.0
2025,1,-1.0064258575439453,0.0,0.2093830108642578,0.0,0.1926785707473755,0.0
2025,1,-0.007740020751953125,0.0,0.6033973693847656,0.0,0.07374626398086548,0.0
2025,2,-0.24590030900770438,0.7223060923898754,-0.22540692178680352,0.6926003760131256,0.000514042611896601,0.15545600567573398
2025,1,0.85797119140625,0.0,-1.1913928985595703,0.0,-0.28122478723526,0.0
2025,1,0.08612060546875,0.0,0.09698867797851562,0.0,-0.0064885616302490234,0.0
2025,1,0.4199685096740723,0.26527930660108884,-1.1880220413208007,0.5955297167204161,-0.2629241466522217,0.08793646925323532
2025,1,0.13050098419189454,0.6790400644448473,-0.092718505859375,0.3527650142279077,-0.036424314975738524,0.1456076117603585
2025,2,-0.0402838389078776,0.7960742698281464,0.1353724797566732,0.9990289772408607,0.027688380082448324,0.2063787745314037
2025,2,0.9664920171101888,0.21077237111915179,-1.0263020197550456,0.35200522339636214,-0.34027520815531415,0.031169823243643244
2025,1,-0.5620049635569254,0.49203111112313835,-0.02506554126739502,0.5432045861245975,0.08458706736564636,0.1217279940149777
2025,1,-0.28946083784103394,0.6623370046414152,-0.42374861240386963,0.5743961228908029,-0.02719162032008171,0.09405896190403065
2025,2,0.416290283203125,0.0,-0.6722536087036133,0.0,-0.15761375427246094,0.0
2025,2,-0.04176931381225586,0.32029679647661,0.5193332672119141,0.5535379765796897,0.0947073221206665,0.13886213630112618
2025,1,0.15097928047180176,0.6496282210820726,-0.2252511978149414,0.07988131918634796,-0.07192596793174744,0.11718049357689557
2025,2,-0.3734135627746582,0.959216842024875,0.5021059513092041,0.5820096498220032,0.13980406522750854,0.16959307596254403
2025,1,0.0802539587020874,0.4798331852572257,-0.346538782119751,0.44347662155565754,-0.07232821732759476,0.11438764473010773
2025,1,-1.700861930847168,0.0,0.4727935791015625,0.0,0.3624942898750305,0.0
2025,2,-3.0144243240356445,0.0,0.9081096649169922,0.0,0.6582410931587219,0.0
2025,2,0.31313610076904297,0.11365127563476562,0.22068309783935547,0.5246868133544922,-0.02291664481163025,0.05311200022697449
2025,1,-1.3334059034075056,0.3730586455575188,-0.07028443472726005,0.2624432295546506,0.21048520292554582,0.07005515916011908
2025,1,-0.18032002449035645,0.4702572188152625,-0.0008042653401692709,0.7164136310198151,0.034784942865371704,0.1299945184336861
2025,1,-0.5706886291503906,0.48110978001098237,-0.09678268432617188,0.26996650661882526,0.0745364785194397,0.08173988650884144
2025,2,0.3688201904296875,0.0,0.31715965270996094,0.0,-0.01165151596069336,0.0
2025,2,-0.5201377868652344,0.2771918595125356,-1.6688287258148193,1.0017410299822564,-0.19166061282157898,0.18507415456309076
2025,2,-0.12961506425288685,0.537204218695105,-0.4245161089980811,0.7932818136313551,-0.03959212386817263,0.17935347371644791
2025,2,-1.4795513153076172,0.0,0.0338134765625,0.0,0.2627410292625427,0.0
2025,1,-0.8329410552978516,0.0,-1.4875736236572266,0.0,-0.11319386959075928,0.0
2025,1,-2.3758621215820312,0.06448554992675781,0.5285205841064453,0.20386505126953125,0.6047027111053467,0.060732364654541016
2025,1,-0.758798360824585,0.7765580427983186,-0.9360804557800293,0.7454702006527811,-0.024421319365501404,0.07444284736224557
2025,1,-1.095311164855957,0.0,-0.2892570495605469,0.0,0.15034043788909912,0.0
2025,1,-1.2688608169555664,0.0,0.43122291564941406,0.0,0.2656455636024475,0.0
2025,1,-0.1729412078857422,0.0,-1.0086536407470703,0.0,-0.11904501914978027,0.0
2025,1,-1.4803657531738281,0.0,0.7448215484619141,0.0,0.43683862686157227,0.0
2025,1,0.8066272735595703,0.22765749687616454,0.40697536468505857,0.8222452532251893,-0.0724645972251892,0.10615703158598651
2025,2,0.16547868058488174,0.7058272257220107,-0.33240983292863174,0.49167086278454925,-0.07959651947021484,0.13206380063980455
2025,2,-0.3276057539836015,0.735711484498278,-0.17535013633199256,0.7152544695822962,0.019653114847617573,0.14781645563158421
2025,1,-2.039186477661133,0.0,-0.6829490661621094,0.0,0.22818005084991455,0.0
2025,1,-0.5715587933858236,0.5841282388707925,-0.30408525466918945,0.35870728374646155,0.043987820545832314,0.061316311879340946
2025,1,-0.2858846528189523,0.36134076441422647,0.03431674412318638,0.5625499473366244,0.03864589333534241,0.10313012918082365
2025,2,-0.18305460611979166,0.5152501587669223,0.06328455607096355,0.45392770653366604,0.0322691003481547,0.010563953555049906
2025,2,-1.127593994140625,0.0,-0.29913330078125,0.0,0.1184377670288086,0.0
2025,1,-0.4563339482183042,0.6325593284695918,0.5715584547623344,0.5070289699657788,0.16704988479614258,0.12419957688294106
2025,2,-0.5506629943847656,0.42764759063720703,-0.3642463684082031,0.48636817932128906,0.032978057861328125,0.011173725128173828
2025,1,-2.323533058166504,0.0,-0.5868415832519531,0.0,0.2529129385948181,0.0
2025,3,-0.4173092842102051,0.6037103833740574,-0.2851409912109375,0.31330977890299094,0.00838009516398112,0.07064188629249185
2025,2,-1.0805110931396484,0.0,-0.7046012878417969,0.0,0.06352901458740234,0.0
2025,3,1.8419809341430664,0.0,0.31863975524902344,0.0,-0.27482956647872925,0.0
2025,3,-2.2448220252990723,0.09682703018188477,1.3182883262634277,0.1809372901916504,0.6776089072227478,0.061450421810150146
2025,2,-2.110905647277832,0.0,0.5680179595947266,0.0,0.4537935256958008,0.0
2025,1,0.15603530406951904,0.5098738035985012,0.06709861755371094,0.170481257674386,-0.02885521948337555,0.04762773024606991
2025,3,0.3118988672892253,0.4005847549409135,0.18518447875976562,0.49094914737594564,-0.023344794909159344,0.07887924874217145
2025,3,-0.9014949798583984,0.0,-1.3876914978027344,0.0,-0.08049654960632324,0.0
2025,3,-1.2815046310424805,0.086090087890625,-0.6653575897216797,0.09855270385742188,0.10734272003173828,0.034407854080200195
2025,3,-1.1397687738591975,0.45604757990628453,-0.38678394664417615,0.8150633151454046,0.12990155003287576,0.1733778467184007
2025,3,-2.0964183807373047,0.0,-0.3022632598876953,0.0,0.3699221611022949,0.0
2025,3,-1.4569759368896484,0.9208731120947572,0.9877088069915771,0.604958188518885,0.4049355089664459,0.2258094195787005
2025,2,-1.1556715965270996,0.8570742607116699,-1.1068220138549805,0.08347034454345703,-0.007993847131729126,0.13106867671012878
2025,2,0.7422876358032227,0.0,-0.5712394714355469,0.0,-0.20970922708511353,0.0
2025,2,-0.568941896611994,0.5281151780217876,-0.13184582103382458,0.3445281843776434,0.06418966163288463,0.09997564305277636
2025,1,0.018253008524576824,0.5371706007318884,0.13948345184326172,0.23533588339920325,0.008415083090464274,0.052451588306128116
2025,3,-0.8523120880126953,0.0,-0.7172088623046875,0.0,0.0069550275802612305,0.0
2025,1,-0.954279899597168,0.6538404334981271,0.24664533138275146,0.36524742057425175,0.1830054372549057,0.15014643334616212
2025,3,0.32681695620218915,0.5667637658198201,-0.6042086283365885,0.4321072642572914,-0.13437209526697794,0.1174922895921306
2025,3,-0.38305249214172366,0.7211500554830839,-0.5282905578613282,0.7225806041719682,-0.03325291275978089,0.1502009952825345
2025,3,-0.5300443649291993,0.5657777737212578,-0.608370018005371,0.5407035160509998,-0.0031441807746887206,0.1494107998004358
2025,1,-0.2833275911284656,0.7691966670705429,-0.015164049660287253,0.8860076647108075,0.030353595570820135,0.13654149278981423
2025,2,-0.3063948767525809,0.862296508272051,-0.09203128814697266,0.6827379109580001,0.03550737925938197,0.18253538864594088
2025,3,-1.3128528594970703,0.0,-0.6154518127441406,0.0,0.13437557220458984,0.0
2025,2,-1.7991790771484375,0.65795372755254,-0.5665767987569174,0.7039147259641079,0.18455374240875244,0.14244776801103787
2025,2,-0.3199879196454894,0.8595480942226805,-0.3221112809091244,0.8039718146098941,0.004895436988686616,0.19666099388943006
2025,2,-0.9111537933349609,0.2652397155761719,2.2274880409240723,0.26982641220092773,0.5406166911125183,0.023695409297943115
2025,1,-0.2370611503299347,0.8022286543534013,-0.08715352096126577,0.6883961819017442,0.019105221592100326,0.15544210127221805
2025,3,-0.6627511978149414,0.0,-1.2203235626220703,0.0,-0.11425989866256714,0.0
2025,3,1.110457420349121,0.0,1.1306915283203125,0.0,-0.010126709938049316,0.0
2025,2,-0.573883056640625,0.0,0.3245410919189453,0.0,0.11951541900634766,0.0
2025,2,-0.06934165954589844,1.079487482968678,-0.17667504014640018,0.5221587426458925,-0.010709816011889228,0.2082765078381066
2025,2,-1.4523286819458008,0.0,-0.85076904296875,0.0,0.08266514539718628,0.0
2025,2,-0.22150077819824218,0.7792950065075929,-0.35640525817871094,0.698355073220975,-0.015039575099945069,0.20869466804011041
2025,2,0.45197145144144696,0.20140192316828046,-0.2852652867635091,0.5380983973040228,-0.11931326985359192,0.08527373728558087
2025,1,-0.740988640558152,1.1951819339128549,-0.019752320789155505,0.7875629179115232,0.10557998929704938,0.11904726571967651
2025,3,-0.3928702672322591,0.46853374655890967,0.7003323237101237,0.4066767563614388,0.17522859573364258,0.14388104956468428
2025,2,-1.2826817830403645,0.6104843443071273,-0.4915568033854167,0.5668253430038168,0.11965467532475789,0.07830725633243464
2025,1,-0.8692603302001953,1.2837974369877752,0.5406533813476563,0.7329581771877903,0.2229898452758789,0.17333570363090914
2025,1,-0.6405444675021701,0.8214953836218027,-0.4093232588334517,0.7423503234763262,0.03553214458504109,0.16556325507865186
2025,1,-0.19050858237526633,0.34219883364909665,-0.6648567373102362,0.6134266967840574,-0.0717065388506109,0.09012540145803782
2025,1,-2.5629491806030273,0.0,-1.4585323333740234,0.0,0.1784326434135437,0.0
2025,1,-0.969077640109592,0.7559838471850779,0.065195189581977,0.6552082525665011,0.17023449473910862,0.13656952503447822
2025,2,-0.47535505198469064,0.8649010849232756,-0.2182369724534845,0.7782296717435752,0.032414540163461875,0.1549275288740245
2025,1,-0.33122717419939945,0.7277884175574241,-0.1865642368882423,0.6783634677647257,0.019068737024337416,0.1421616387931841
2025,1,-0.0006138086318969727,0.3490216360876734,-1.14520263671875,0.32596682837166224,-0.15306267142295837,0.06574518323360833
2025,1,-0.5508791316639293,0.7337592940745201,-0.25618336417458276,0.3630505835118266,0.032849756154147064,0.13101061111525666
2025,1,-0.17030522097711978,0.6329854865595429,0.04860204199086065,0.691580229615425,0.0323919213336447,0.14182516781486088
2025,1,-3.3827896118164062,0.8184738159179688,-2.182906150817871,0.3004617691040039,0.16829630732536316,0.08525386452674866
2025,2,-1.7353925704956055,0.0,0.3201026916503906,0.0,0.33098888397216797,0.0
2025,2,-1.4563961029052734,0.9912585764366121,-0.2482306957244873,0.6734743125444794,0.177756667137146,0.17532485126588684
2025,1,-0.13551559448242187,0.5848812789478485,0.025764071146647135,0.5732937435451717,0.0183754825592041,0.11132451099486187
2025,2,-0.3910369486748418,0.7260094851954864,-0.1818272071548655,0.740866179625507,0.029489290261570412,0.15057789873845118
2025,2,-2.1852664947509766,1.0418018420054742,-1.979522943496704,0.7222931190715473,-0.0023458898067474365,0.10483612871215611
2025,2,-0.8401730325486925,0.6710718705383394,-0.00209808349609375,0.4782743362388101,0.1352809402677748,0.15671782812244442
2025,2,-0.3815951877170139,0.6677908095500446,-0.10745932318426825,0.7066000175453984,0.039525808156789605,0.14127681437404754
2025,2,-0.662959098815918,0.0,0.5233364105224609,0.0,0.18395644426345825,0.0
2025,2,-0.5899081230163574,0.360323429107666,-1.3428592681884766,0.1190042495727539,-0.12468218803405762,0.07582426071166992
2025,3,-0.026803536848588425,0.7176254703468661,-0.8007509058172052,0.9009277961025207,-0.12469686161388051,0.17539859249851494
2025,2,-1.036290168762207,0.8953227996826172,-2.1027441024780273,0.2989034652709961,-0.18393480777740479,0.09179484844207764
2025,2,-0.455497682094574,0.682917609541932,-0.15415573120117188,0.5577329056645144,0.04014448821544647,0.14826409764813453
2025,1,-0.16817762793564214,0.6710761971868355,-0.2005516300356485,0.6736910471282156,-0.006198852527432326,0.13821443355705795
2025,2,0.22232437133789062,0.0,0.7916526794433594,0.0,0.09210556745529175,0.0
2025,1,-0.882380485534668,0.25854742842460293,0.17207088470458984,0.37926821955776197,0.18167192935943605,0.07605063083163544
2025,1,-0.18527936935424805,1.2232427594637294,-0.0394444465637207,0.7310558485895375,0.02674545645713806,0.22222986725437865
2025,2,-2.9033448696136475,1.34453544408337,-2.471613645553589,0.4564701336777981,0.06009586155414581,0.1906183830110708
2025,2,-0.5289183616638183,0.42482867945771974,-0.5959981918334961,0.5323302615408739,-0.020403218269348145,0.07022976457126066
2025,1,-1.4053239822387695,0.0,-0.06765365600585938,0.0,0.1784214973449707,0.0
2025,1,-3.2693123817443848,0.7921090126037598,0.22055530548095703,0.44083595275878906,0.6086989641189575,0.06054541468621034
2025,2,0.5385494232177734,0.0,0.5958900451660156,0.0,-0.033869385719299316,0.0
2025,2,-0.5084586350814156,0.8747685916069127,-0.6046032283617102,0.48547614929826743,-0.016948953918788746,0.13300187404755034
2025,2,-0.3910997830904447,0.549749546455967,-0.0824735348041241,0.5059493498266153,0.04809271372281588,0.12978098077566907
2025,2,-1.6232608159383137,0.3244277783156745,-0.5974203745524088,0.1993487211374784,0.14721504847208658,0.08357505760621341
2025,2,-0.8119965394337972,0.7045132181345165,-0.2589772542317708,0.5735593999450864,0.07160348693529765,0.1419494454292379
2025,1,0.6096086502075195,0.5424643103398713,-0.6430915196736654,0.03859400898840536,-0.1992144783337911,0.08123372276833342
2025,2,-0.10161941929867394,0.826212228098286,0.06404701032136616,0.8140400092492434,0.031237599096800153,0.1947036372313376
2025,3,-0.8400096893310547,0.12339591979980469,-0.7983169555664062,0.2004566192626953,-0.02349838614463806,0.04011884331703186
2025,2,-4.75075626373291,0.7397527694702148,-1.300619125366211,0.4703502655029297,0.5463911294937134,0.08565255999565644
2025,3,-0.37334689497947693,0.820594989569288,0.06244683265686035,0.7136988445532987,0.06340456008911133,0.15253167814173357
2025,3,-0.40505614280700686,0.8744923804940824,-0.340086841583252,0.6021752412547512,0.007351040840148926,0.1281364708851523
2025,1,-1.2005701065063477,0.0,-0.43714332580566406,0.0,0.1319366693496704,0.0
2025,1,0.9818356513977051,0.6687622929368128,-0.7672483444213867,0.47856742610601866,-0.22923705577850342,0.03648526768318395
2025,2,-0.493879900867916,0.8229027354196954,-0.22043121436017885,0.6674891615651041,0.03533396460235694,0.14955531818475842
2025,2,-0.2893385887145996,0.7557263374328613,-0.2545032501220703,0.34160423278808594,-0.030807912349700928,0.0727812647819519
2025,0,-0.43696659633091517,0.7087235760761715,-0.24538926105110012,0.6188613613204524,0.02687548034045161,0.1342576228111326
